Workbook
Name chegirma_summa: Buyurtma!$D$16
Name chest_D: Sozlamalar!$C$74
Name chest_Dk: Sozlamalar!$C$117
Name chest_fasH: Sozlamalar!$C$119
Name chest_fasW: Sozlamalar!$C$118
Name chest_H: Sozlamalar!$C$75
Name chest_kra: Sozlamalar!$C$144
Name chest_kyon: Sozlamalar!$C$146
Name chest_kyuz: Sozlamalar!$C$145
Name chest_naprav: Sozlamalar!$C$122
Name chest_qH: Sozlamalar!$C$121
Name chest_qW: Sozlamalar!$C$120
Name chest_soni: Sozlamalar!$C$72
Name chest_W: Sozlamalar!$C$73
Name chest_yashik: Sozlamalar!$C$76
Name dsp_L: Sozlamalar!$C$97
Name dsp_W: Sozlamalar!$C$98
Name dvp_L: Sozlamalar!$C$37
Name dvp_W: Sozlamalar!$C$38
Name emal_norma: Sozlamalar!$C$92
Name eritgich_norma: Sozlamalar!$C$95
Name fasad_tomon: Sozlamalar!$C$89
Name figura_H: Sozlamalar!$C$59
Name figura_koef: Sozlamalar!$C$61
Name figura_qatlam: Sozlamalar!$C$60
Name figura_W: Sozlamalar!$C$58
Name grunt_norma: Sozlamalar!$C$91
Name jami_sotuv: Buyurtma!$E$14
Name k_bolim_eni: Sozlamalar!$C$155
Name k_kupe_eni: Sozlamalar!$C$156
Name k_kupe_H: Sozlamalar!$C$154
Name k_kupe_ustma: Sozlamalar!$C$153
Name k_kupe_zazor: Sozlamalar!$C$152
Name k_oyna_chet: Sozlamalar!$C$159
Name k_yashik_fas: Sozlamalar!$C$157
Name k_yashik_quti: Sozlamalar!$C$158
Name kompaniya_kontakt: Sozlamalar!$C$14
Name kompaniya_nomi: Sozlamalar!$C$13
Name kor_miss: 'Korpus hisob'!$I$92
Name kor_sotuv: 'Korpus hisob'!$I$91
Name kor_tan: 'Korpus hisob'!$I$89
Name korpus_tomon: Sozlamalar!$C$90
Name krovat_balka: Sozlamalar!$C$57
Name krovat_fig: Sozlamalar!$C$54
Name krovat_H: Sozlamalar!$C$52
Name krovat_ichL: Sozlamalar!$C$109
Name krovat_ichW: Sozlamalar!$C$110
Name krovat_L: Sozlamalar!$C$50
Name krovat_nasos: Sozlamalar!$C$55
Name krovat_soni: Sozlamalar!$C$49
Name krovat_spinka: Sozlamalar!$C$53
Name krovat_tsarga: Sozlamalar!$C$56
Name krovat_W: Sozlamalar!$C$51
Name kurs_baza: Sozlamalar!$C$7
Name kurs_joriy: Sozlamalar!$C$8
Name lak_norma: Sozlamalar!$C$93
Name ldsp_L: Sozlamalar!$C$35
Name ldsp_W: Sozlamalar!$C$36
Name mdf_L: Sozlamalar!$C$87
Name mdf_W: Sozlamalar!$C$88

Sheet Buyurtma
A1: Buyurtma — mebel narx kalkulyatori
A2: 1) Mijoz ma'lumotlarini yozing. 2) Buyurtmaga kiradigan bo'limni "Ha" qiling va o'sha varaqda o'lchamlarni kiriting. 3) To'lov shartini tanlang. 4) "Mijoz uchun" varag'ini A4 ga chop eting.
A4: Mijoz F.I.O.
A5: Telefon
A6: Sana | B6: =TODAY() -> 46314 | C6: Bugungi sana avtomatik; kerak bo'lsa o'zgartiring
A7: Filial
A8: Sotuvchi (xodim)
A10: Bo'lim | B10: Buyurtmada bormi? | C10: Varaq | D10: Tan narx (so'm) | E10: Sotuv narxi, naqd (so'm) | F10: Baraka ustamasi (so'm) | G10: Ogohlantirish
A11: Spalniy garnitur | B11: Ha | C11: Spalniy | D11: =IF(p_m_spalniy="Ha",sp_tan,0) -> 9655516.5 | E11: =IF(p_m_spalniy="Ha",sp_sotuv,0) -> 9660000 | F11: =E11-D11 -> 4483.5249 | G11: =IF(p_m_spalniy="Ha",IF(OR(Tannarx!B31>0,AND(Tannarx!B32>0,Tannarx!B33=1),usta_foiz=0,savdo_ustama=0),"Spalniy varag'ini ko'ring",""),"") -> Spalniy varag'ini ko'ring
A12: Oshxona mebeli (pogon metr) | B12: Yo'q | C12: Oshxona | D12: =IF(p_m_oshxona="Ha",osh_tan,0) -> 0 | E12: =IF(p_m_oshxona="Ha",osh_sotuv,0) -> 0 | F12: =E12-D12 -> 0 | G12: =IF(p_m_oshxona="Ha",IF(OR(COUNTIF(Oshxona!G5:G10,"")-COUNTIF(Oshxona!B5:B10,"")>0,AND(LEFT(oshxona_narx_turi,3)="Tan",ustama_oshxona=0)),"Oshxona varag'ini ko'ring",""),"")
A13: Korpus mebel (shkaf, prixojka, garderob) | B13: Yo'q | C13: Korpus mebel | D13: =IF(p_m_korpus="Ha",kor_tan,0) -> 0 | E13: =IF(p_m_korpus="Ha",kor_sotuv,0) -> 0 | F13: =E13-D13 -> 0 | G13: =IF(p_m_korpus="Ha",IF(OR(kor_miss>0,usta_foiz_k=0,ustama_korpus=0),"Korpus mebel varag'ini ko'ring",""),"")
A14: JAMI | D14: =SUM(D11:D13) -> 9655516.5 | E14: =SUM(E11:E13) -> 9660000 | F14: =SUM(F11:F13) -> 4483.5249
A16: Chegirma, % (ixtiyoriy) | B16: 0 | C16: Chegirma summasi: | D16: =ROUND(jami_sotuv*N(p_chegirma)/yaxlit,0)*yaxlit -> 0
A17: NAQD NARX (chegirma bilan) | B17: =jami_sotuv-chegirma_summa -> 9660000
A19: TO'LOV SHARTI
A20: To'lov turi | B20: Naqd | C20: =IF(tanlangan_oy=0,"Naqd savdo","Oylik ustama: "&TEXT(tanlangan_stavka,"0.0%")&" × "&tanlangan_oy&" oy") -> Naqd savdo
A21: Oldindan to'lov, % (masalan 20%) | B21: 0 | C21: ="Oldindan to'lov: "&TEXT(old_tolov,"#,##0")&" so'm ("&TEXT(old_ulush,"0.0%")&")" -> #VALUE!
A22: Oldindan to'lov, so'm (ixtiyoriy — yozilsa, % o'rniga shu olinadi)
A24: To'lov turi | B24: Oylik ustama | C24: Oy | D24: Oylik to'lov (so'm) | E24: Ustama summasi (so'm) | F24: Naqddan farq (so'm) | G24: Jami to'lov (so'm)
A25: =Tariflar!A38 -> Naqd | B25: =Tariflar!C38 -> 0 | C25: =Tariflar!B38 -> 0 | D25: =Tariflar!E38 -> 0 | E25: =Tariflar!D38 -> 0 | F25: =Tariflar!G38 -> 0 | G25: =Tariflar!F38 -> 9660000
A26: =Tariflar!A39 -> 3 oy | B26: =Tariflar!C39 -> 0.05 | C26: =Tariflar!B39 -> 3 | D26: =Tariflar!E39 -> 3703000 | E26: =Tariflar!D39 -> 1449000 | F26: =Tariflar!G39 -> 1449000 | G26: =Tariflar!F39 -> 11109000
A27: =Tariflar!A40 -> 6 oy | B27: =Tariflar!C40 -> 0.04 | C27: =Tariflar!B40 -> 6 | D27: =Tariflar!E40 -> 1997000 | E27: =Tariflar!D40 -> 2318400 | F27: =Tariflar!G40 -> 2322000 | G27: =Tariflar!F40 -> 11982000
A28: =Tariflar!A41 -> 12 oy | B28: =Tariflar!C41 -> 0.035 | C28: =Tariflar!B41 -> 12 | D28: =Tariflar!E41 -> 1144000 | E28: =Tariflar!D41 -> 4057200 | F28: =Tariflar!G41 -> 4068000 | G28: =Tariflar!F41 -> 13728000
A29: =Tariflar!A42 -> 18 oy | B29: =Tariflar!C42 -> 0.033 | C29: =Tariflar!B42 -> 18 | D29: =Tariflar!E42 -> 856000 | E29: =Tariflar!D42 -> 5738040 | F29: =Tariflar!G42 -> 5748000 | G29: =Tariflar!F42 -> 15408000
A31: =IF(royxat_soni>16,"Diqqat: mijoz varag'iga "&royxat_soni&" qator to'g'ri keladi, faqat 16 tasi sig'adi","")
A32: =IF(jami_sotuv=0,"Buyurtmada hali mahsulot yo'q: bo'limni ""Ha"" qiling va o'lchamlarni kiriting","")
A33: Mijozga berish: "Mijoz uchun" varag'ini A4 ga chop eting (tanlangan to'lov turi yashil bilan belgilanadi).

Sheet Spalniy
A1: Spalniy garnitur — hisoblash
A2: Mijozdan olingan o'lchamlarni sariq kataklarga kiriting. Kerak bo'lmagan mahsulot sonini 0 qiling. Mijoz ma'lumotlari va to'lov sharti — "Buyurtma" varag'ida.
A4: Mahsulot | B4: Ko'rsatkich | C4: Qiymat | D4: Birlik | E4: Eslatma
A5: Shkaf | B5: Shkaf soni | C5: 1 | D5: dona
A6: Shkaf | B6: Balandligi (buyi) | C6: 220 | D6: sm
A7: Shkaf | B7: Chuqurligi (eni) | C7: 60 | D7: sm
A8: Shkaf | B8: Uzunligi | C8: 240 | D8: sm | E8: =IF(shkaf_qop_n>1,"Qopqoq "&shkaf_qop_n&" bo'lakdan bo'ladi","")
A9: Shkaf | B9: Eshiklar soni | C9: 6 | D9: dona | E9: ="1 eshik eni: "&ROUND(shkaf_eshikW/10,1)&" sm" -> 1 eshik eni: 39,7 sm
A10: Shkaf | B10: Eshiklardagi oynalar soni | C10: 2 | D10: dona | E10: =IF(shkaf_oyna_soni>shkaf_eshik,"Diqqat: oynalar eshiklardan ko'p",IF(AND(shkaf_oyna_soni>0,shkaf_oyna_W>shkaf_eshikW),"Diqqat: oyna eni ("&shkaf_oyna_W/10&" sm) eshikdan keng — Sozlamalarda tekshiring","Oyna: "&shkaf_oyna_H/10&"×"&shkaf_oyna_W/10&" sm")) -> Diqqat: oyna eni (50 sm) eshikdan keng — Sozlamalarda tekshiring
A11: Shkaf | B11: Yuz qismi (eshiklar, tsokol) | C11: Laminat
A12: Shkaf | B12: Yon qismi (yon devorlar) | C12: Laminat | E12: =IF(shkaf_kra=1,"Bo'yaladigan yuza: "&ROUND(SUMIFS(Detallar!$Q$5:$Q$300,Detallar!$B$5:$B$300,"Shkaf",Detallar!$E$5:$E$300,"Yuz")*shkaf_kyuz+SUMIFS(Detallar!$Q$5:$Q$300,Detallar!$B$5:$B$300,"Shkaf",Detallar!$E$5:$E$300,"Yon")*shkaf_kyon,2)&" m²","")
A13: Krovat | B13: Krovat soni | C13: 1 | D13: dona
A14: Krovat | B14: Uzunligi (buyi) | C14: 220 | D14: sm
A15: Krovat | B15: Eni | C15: 170 | D15: sm
A16: Krovat | B16: Oyoq tomoni balandligi | C16: 45 | D16: sm
A17: Krovat | B17: Bosh tomoni (spinka) balandligi | C17: 150 | D17: sm
A18: Krovat | B18: Bosh spinkada figura | C18: Ha | E18: =IF(krovat_fig=1,"Figura: "&figura_W/10&"×"&figura_H/10&" sm (Sozlamalarda)","") -> Figura: 160×60 sm (Sozlamalarda)
A19: Krovat | B19: Kapot turi (matras tagi) | C19: Oddiy | E19: =IF(krovat_nasos=1,"Nasosli: DSP qirralari 2mm kromka + ko'tarish mexanizmi","Oddiy kapot (kromkasiz)") -> Oddiy kapot (kromkasiz)
A20: Krovat | B20: Matras | C20: 180x200 | E20: =IF(AND(p_matras<>"Yo'q",IFERROR(VALUE(LEFT(p_matras,3))*10,0)>krovat_ichW),"Diqqat: matras krovatga sig'maydi! Krovat ichi: ","Krovat ichi: ")&ROUND(krovat_ichW/10,1)&"×"&ROUND(krovat_ichL/10,1)&" sm" -> Diqqat: matras krovatga sig'maydi! Krovat ichi: 166,8×216,8 sm
A21: Trimo | B21: Trimo soni | C21: 1 | D21: dona
A22: Trimo | B22: Uzunligi | C22: 160 | D22: sm
A23: Trimo | B23: Chuqurligi (eni) | C23: 45 | D23: sm
A24: Trimo | B24: Balandligi | C24: 83 | D24: sm
A25: Trimo | B25: Yuz qismi (eshik, yashik fasadlari, tsokol) | C25: Laminat
A26: Trimo | B26: Yon qismi (yon devorlar, ustki qopqoq) | C26: Laminat | E26: =IF(trimo_kra=1,"Bo'yaladigan yuza: "&ROUND(SUMIFS(Detallar!$Q$5:$Q$300,Detallar!$B$5:$B$300,"Trimo",Detallar!$E$5:$E$300,"Yuz")*trimo_kyuz+SUMIFS(Detallar!$Q$5:$Q$300,Detallar!$B$5:$B$300,"Trimo",Detallar!$E$5:$E$300,"Yon")*trimo_kyon,2)&" m²","")
A27: Tumbochka | B27: Tumbochka soni | C27: 1 | D27: dona | E27: ="O'lcham: "&tumba_W/10&"×"&tumba_D/10&"×"&tumba_H/10&" sm" -> O'lcham: 50×40×60 sm
A28: Tumbochka | B28: Yuz qismi (yashik fasadlari, tsokol) | C28: Laminat
A29: Tumbochka | B29: Yon qismi (yon devorlar, ustki qopqoq) | C29: Laminat | E29: =IF(tumba_kra=1,"Bo'yaladigan yuza: "&ROUND(SUMIFS(Detallar!$Q$5:$Q$300,Detallar!$B$5:$B$300,"Tumbochka",Detallar!$E$5:$E$300,"Yuz")*tumba_kyuz+SUMIFS(Detallar!$Q$5:$Q$300,Detallar!$B$5:$B$300,"Tumbochka",Detallar!$E$5:$E$300,"Yon")*tumba_kyon,2)&" m²","")
A30: Chester | B30: Chester soni | C30: 1 | D30: dona | E30: ="O'lcham: "&chest_W/10&"×"&chest_D/10&"×"&chest_H/10&" sm" -> O'lcham: 80×50×100 sm
A31: Chester | B31: Yuz qismi (yashik fasadlari, tsokol) | C31: Laminat
A32: Chester | B32: Yon qismi (yon devorlar, ustki qopqoq) | C32: Laminat | E32: =IF(chest_kra=1,"Bo'yaladigan yuza: "&ROUND(SUMIFS(Detallar!$Q$5:$Q$300,Detallar!$B$5:$B$300,"Chester",Detallar!$E$5:$E$300,"Yuz")*chest_kyuz+SUMIFS(Detallar!$Q$5:$Q$300,Detallar!$B$5:$B$300,"Chester",Detallar!$E$5:$E$300,"Yon")*chest_kyon,2)&" m²","")
A33: Pufik | B33: Pufik soni | C33: 1 | D33: dona | E33: ="O'lcham: "&pufik_W/10&"×"&pufik_W/10&"×"&pufik_H/10&" sm" -> O'lcham: 40×40×45 sm
A34: Stoyka oyna | B34: Alohida stoyka oyna soni | C34: 1 | D34: dona | E34: ="Oyna: "&oyna_H/10&"×"&oyna_W/10&" sm" -> Oyna: 160×50 sm
A35: Usta | B35: Usta (Ustalar ro'yxatidan tanlang) | E35: =IF(p_usta="","Diqqat: usta tanlanmagan — usta haqi 0","Kelishuv: "&TEXT(usta_foiz,"0.0%")&" (xom ashyo summasiga)") -> Diqqat: usta tanlanmagan — usta haqi 0
A37: NARX HISOBI | D37: Joriy kurs (1 $): | E37: =kurs_joriy -> 11963
A38: Mahsulot | B38: Tavsif | C38: Soni | D38: Xom ashyo (so'm) | E38: Usta haqi (so'm) | F38: Tan narx (so'm) | G38: Sotuv narxi, naqd (so'm)
A39: Shkaf | B39: =Tannarx!B38 -> 240×60×220 sm, 6 eshik, 2 oyna, laminat | C39: =Tannarx!B5 -> 1 | D39: =Tannarx!B7 -> 3059239 | E39: =Tannarx!B9 -> 0 | F39: =Tannarx!B10 -> 3059239 | G39: =Tannarx!B13 -> 3060000
A40: Krovat | B40: =Tannarx!B39 -> 170×220 sm, spinka 150 sm, figurali, oddiy kapot | C40: =Tannarx!C5 -> 1 | D40: =Tannarx!C7 -> 1182540.8 | E40: =Tannarx!C9 -> 0 | F40: =Tannarx!C10 -> 1182540.8 | G40: =Tannarx!C13 -> 1183000
A41: Matras | B41: =Tannarx!B40 -> 180x200 sm | C41: =Tannarx!D5 -> 1 | D41: =Tannarx!D7 -> 1200000 | E41: =Tannarx!D9 -> 0 | F41: =Tannarx!D10 -> 1200000 | G41: =Tannarx!D13 -> 1200000
A42: Tumbochka | B42: =Tannarx!B41 -> 50×40×60 sm, 2 yashik, laminat | C42: =Tannarx!E5 -> 1 | D42: =Tannarx!E7 -> 578169.11 | E42: =Tannarx!E9 -> 0 | F42: =Tannarx!E10 -> 578169.11 | G42: =Tannarx!E13 -> 579000
A43: Trimo | B43: =Tannarx!B42 -> 160×45×83 sm, laminat | C43: =Tannarx!F5 -> 1 | D43: =Tannarx!F7 -> 1382242.8 | E43: =Tannarx!F9 -> 0 | F43: =Tannarx!F10 -> 1382242.8 | G43: =Tannarx!F13 -> 1383000
A44: Chester | B44: =Tannarx!B43 -> 80×50×100 sm, 4 yashik, laminat | C44: =Tannarx!G5 -> 1 | D44: =Tannarx!G7 -> 1301468.5 | E44: =Tannarx!G9 -> 0 | F44: =Tannarx!G10 -> 1301468.5 | G44: =Tannarx!G13 -> 1302000
A45: Pufik | B45: =Tannarx!B44 -> 40×40×45 sm | C45: =Tannarx!H5 -> 1 | D45: =Tannarx!H7 -> 185309.22 | E45: =Tannarx!H9 -> 0 | F45: =Tannarx!H10 -> 185309.22 | G45: =Tannarx!H13 -> 186000
A46: Stoyka oyna | B46: =Tannarx!B45 -> 160×50 sm | C46: =Tannarx!I5 -> 1 | D46: =Tannarx!I7 -> 411547.14 | E46: =Tannarx!I9 -> 0 | F46: =Tannarx!I10 -> 411547.14 | G46: =Tannarx!I13 -> 412000
A47: Qadoqlash | B47: =Tannarx!B46 -> Butun buyurtma uchun | D47: =Tannarx!J7 -> 355000 | E47: =Tannarx!J9 -> 0 | F47: =Tannarx!J10 -> 355000 | G47: =Tannarx!J13 -> 355000
A48: JAMI | D48: =SUM(D39:D47) -> 9655516.5 | E48: =SUM(E39:E47) -> 0 | F48: =SUM(F39:F47) -> 9655516.5 | G48: =SUM(G39:G47) -> 9660000
A50: LAMINAT va KRASHENIY narxi (mijozga taklif qilish uchun)
A51: Mahsulot | B51: Krasheniy qismi | C51: Soni | D51: Laminat: tan narx | E51: Laminat: sotuv narxi | F51: Krasheniy: tan narx | G51: Krasheniy: sotuv narxi
A52: Shkaf | B52: =Tannarx!B20 -> to'liq (taqqoslash) | C52: =Tannarx!B5 -> 1 | D52: =Tannarx!B18 -> 3059239 | E52: =Tannarx!B19 -> 3060000 | F52: =Tannarx!B21 -> 2169528.6 | G52: =Tannarx!B22 -> 2170000
A53: Tumbochka | B53: =Tannarx!E20 -> to'liq (taqqoslash) | C53: =Tannarx!E5 -> 1 | D53: =Tannarx!E18 -> 578169.11 | E53: =Tannarx!E19 -> 579000 | F53: =Tannarx!E21 -> 468116.39 | G53: =Tannarx!E22 -> 469000
A54: Trimo | B54: =Tannarx!F20 -> to'liq (taqqoslash) | C54: =Tannarx!F5 -> 1 | D54: =Tannarx!F18 -> 1382242.8 | E54: =Tannarx!F19 -> 1383000 | F54: =Tannarx!F21 -> 1065818.7 | G54: =Tannarx!F22 -> 1066000
A55: Chester | B55: =Tannarx!G20 -> to'liq (taqqoslash) | C55: =Tannarx!G5 -> 1 | D55: =Tannarx!G18 -> 1301468.5 | E55: =Tannarx!G19 -> 1302000 | F55: =Tannarx!G21 -> 1052132.8 | G55: =Tannarx!G22 -> 1053000
A57: =IF(Tannarx!B31>0,"Spalniy: Laminat varag'ida "&Tannarx!B31&" ta kerakli xom ashyoning narxi yo'q","") -> Spalniy: Laminat varag'ida 3 ta kerakli xom ashyoning narxi yo'q
A58: =IF(AND(Tannarx!B32>0,Tannarx!B33=1),"Spalniy: Krasheniy varag'ida "&Tannarx!B32&" ta narx yo'q — krasheniy narxi to'liq emas","")
A59: =IF(usta_foiz=0,"Spalniy: usta tanlanmagan yoki kelishuv foizi 0%","") -> Spalniy: usta tanlanmagan yoki kelishuv foizi 0%
A60: =IF(savdo_ustama=0,"Spalniy: Baraka ustamasi 0% (Sozlamalar)","") -> Spalniy: Baraka ustamasi 0% (Sozlamalar)

Sheet Oshxona
A1: Oshxona mebeli — pogon metr bo'yicha hisoblash
A2: Sariq kataklarni to'ldiring: xomashyo, balandlik, uzunlik (metrda). Kerak bo'lsa 1 m narxini qo'lda yozing. Buyurtmaga qo'shish uchun "Buyurtma" varag'ida Oshxona mebeli = Ha qiling.
A4: № | B4: Xomashyo | C4: Balandligi (m) | D4: Uzunligi (m) | E4: 1 m narxi — jadvaldan ($) | F4: 1 m narxi — qo'lda ($) | G4: Hisobdagi 1 m narxi ($) | H4: Jami ($) | I4: Tan narx (so'm) | J4: Sotuv narxi, 1 m (so'm) | K4: Sotuv narxi, jami (so'm) | L4: Izoh
A5: 1 | B5: Akril | C5: 2.2 | D5: 3 | E5: =IF(OR(B5="",C5=""),"",IF(COUNTIFS(osh_t_mat,B5,osh_t_bal,C5)=0,"narx yo'q",SUMIFS(osh_t_narx,osh_t_mat,B5,osh_t_bal,C5))) -> 252 | G5: =IF(F5<>"",F5,IF(OR(E5="",E5="narx yo'q"),"",E5)) -> 252 | H5: =IF(OR(G5="",D5=""),"",D5*G5) -> 756 | I5: =IF(H5="","",H5*kurs_joriy) -> 9044028 | J5: =IF(G5="","",ROUNDUP(G5*kurs_joriy*(1+IF(LEFT(oshxona_narx_turi,3)="Tan",ustama_oshxona,0))/yaxlit,0)*yaxlit) -> 3015000 | K5: =IF(OR(J5="",D5=""),"",J5*D5) -> 9045000 | L5: namuna — o'chirib, o'zingiznikini yozing
A6: 2 | E6: =IF(OR(B6="",C6=""),"",IF(COUNTIFS(osh_t_mat,B6,osh_t_bal,C6)=0,"narx yo'q",SUMIFS(osh_t_narx,osh_t_mat,B6,osh_t_bal,C6))) | G6: =IF(F6<>"",F6,IF(OR(E6="",E6="narx yo'q"),"",E6)) | H6: =IF(OR(G6="",D6=""),"",D6*G6) | I6: =IF(H6="","",H6*kurs_joriy) | J6: =IF(G6="","",ROUNDUP(G6*kurs_joriy*(1+IF(LEFT(oshxona_narx_turi,3)="Tan",ustama_oshxona,0))/yaxlit,0)*yaxlit) | K6: =IF(OR(J6="",D6=""),"",J6*D6)
A7: 3 | E7: =IF(OR(B7="",C7=""),"",IF(COUNTIFS(osh_t_mat,B7,osh_t_bal,C7)=0,"narx yo'q",SUMIFS(osh_t_narx,osh_t_mat,B7,osh_t_bal,C7))) | G7: =IF(F7<>"",F7,IF(OR(E7="",E7="narx yo'q"),"",E7)) | H7: =IF(OR(G7="",D7=""),"",D7*G7) | I7: =IF(H7="","",H7*kurs_joriy) | J7: =IF(G7="","",ROUNDUP(G7*kurs_joriy*(1+IF(LEFT(oshxona_narx_turi,3)="Tan",ustama_oshxona,0))/yaxlit,0)*yaxlit) | K7: =IF(OR(J7="",D7=""),"",J7*D7)
A8: 4 | E8: =IF(OR(B8="",C8=""),"",IF(COUNTIFS(osh_t_mat,B8,osh_t_bal,C8)=0,"narx yo'q",SUMIFS(osh_t_narx,osh_t_mat,B8,osh_t_bal,C8))) | G8: =IF(F8<>"",F8,IF(OR(E8="",E8="narx yo'q"),"",E8)) | H8: =IF(OR(G8="",D8=""),"",D8*G8) | I8: =IF(H8="","",H8*kurs_joriy) | J8: =IF(G8="","",ROUNDUP(G8*kurs_joriy*(1+IF(LEFT(oshxona_narx_turi,3)="Tan",ustama_oshxona,0))/yaxlit,0)*yaxlit) | K8: =IF(OR(J8="",D8=""),"",J8*D8)
A9: 5 | E9: =IF(OR(B9="",C9=""),"",IF(COUNTIFS(osh_t_mat,B9,osh_t_bal,C9)=0,"narx yo'q",SUMIFS(osh_t_narx,osh_t_mat,B9,osh_t_bal,C9))) | G9: =IF(F9<>"",F9,IF(OR(E9="",E9="narx yo'q"),"",E9)) | H9: =IF(OR(G9="",D9=""),"",D9*G9) | I9: =IF(H9="","",H9*kurs_joriy) | J9: =IF(G9="","",ROUNDUP(G9*kurs_joriy*(1+IF(LEFT(oshxona_narx_turi,3)="Tan",ustama_oshxona,0))/yaxlit,0)*yaxlit) | K9: =IF(OR(J9="",D9=""),"",J9*D9)
A10: 6 | E10: =IF(OR(B10="",C10=""),"",IF(COUNTIFS(osh_t_mat,B10,osh_t_bal,C10)=0,"narx yo'q",SUMIFS(osh_t_narx,osh_t_mat,B10,osh_t_bal,C10))) | G10: =IF(F10<>"",F10,IF(OR(E10="",E10="narx yo'q"),"",E10)) | H10: =IF(OR(G10="",D10=""),"",D10*G10) | I10: =IF(H10="","",H10*kurs_joriy) | J10: =IF(G10="","",ROUNDUP(G10*kurs_joriy*(1+IF(LEFT(oshxona_narx_turi,3)="Tan",ustama_oshxona,0))/yaxlit,0)*yaxlit) | K10: =IF(OR(J10="",D10=""),"",J10*D10)
B11: JAMI | D11: =SUM(D5:D10) -> 3 | H11: =SUM(H5:H10) -> 756 | I11: =SUM(I5:I10) -> 9044028 | K11: =SUM(K5:K10) -> 9045000
A13: • Balandlik va uzunlikni xohlagan qiymatda yozish mumkin (ro'yxatdagidan boshqa ham). Jami ($) = Uzunligi × Hisobdagi 1 m narxi.
A14: • 1 m narxi: "qo'lda" ustuniga narx yozilsa, shu ishlatiladi. Bo'sh qolsa — "Oshxona narxlari" jadvalidan xomashyo va balandlik bo'yicha olinadi.
A15: • Jadvalda yo'q balandlik yozilsa ("narx yo'q" chiqadi) — narxni qo'lda yozing yoki "Oshxona narxlari" jadvaliga yangi qator qo'shing.
A16: • Dollar kursi — Sozlamalardagi joriy kurs. Baraka ustamasi va 1 m narxi turi — Sozlamalar, 1- va 7-bo'lim.
A18: =IF(COUNTIF(E5:E10,"narx yo'q")-COUNTIFS(E5:E10,"narx yo'q",F5:F10,"<>")>0,"Oshxona: "&(COUNTIF(E5:E10,"narx yo'q")-COUNTIFS(E5:E10,"narx yo'q",F5:F10,"<>"))&" qatorda narx yo'q — qo'lda yozing","")
A19: =IF(AND(LEFT(oshxona_narx_turi,3)="Tan",ustama_oshxona=0),"Oshxona: Baraka ustamasi 0% (Sozlamalar)","") -> Oshxona: Baraka ustamasi 0% (Sozlamalar)

Sheet Korpus mebel
A1: Korpus mebel — shkaf, prixojka, garderob (mijoz o'lchami bo'yicha)
A2: Har bir buyum uchun bitta ustun. O'lchamlarni sm da yozing. Bo'limlar va eshiklar sonini bo'sh qoldirsangiz, avtomatik hisoblanadi. Ishlatilmaydigan ustunda soni = 0 yoki bo'sh. Buyurtmaga qo'shish uchun "Buyurtma" varag'ida Korpus mebel = Ha qiling.
A4: Usta (Ustalar ro'yxatidan tanlang) | D4: =IF(p_k_usta="","Diqqat: usta tanlanmagan — usta haqi 0","Kelishuv: "&TEXT(usta_foiz_k,"0.0%")) -> Diqqat: usta tanlanmagan — usta haqi 0
A6: Ko'rsatkich | B6: Birlik | C6: Buyum 1 | D6: Buyum 2 | E6: Buyum 3 | F6: Buyum 4 | G6: Buyum 5 | H6: Buyum 6 | I6: Jami
A7: Turi | C7: Shkaf | D7: Prixojka | E7: Garderob
A8: Izoh (joyi, mijoz istagi) | C8: Namuna: yotoqxona | D8: Namuna: yo'lak | E8: Namuna: kiyim xonasi
A9: Soni | B9: dona | C9: 1 | D9: 1 | E9: 1 | F9: 0 | G9: 0 | H9: 0
A10: Uzunligi (eni) | B10: sm | C10: 200 | D10: 120 | E10: 300
A11: Balandligi | B11: sm | C11: 240 | D11: 220 | E11: 250
A12: Chuqurligi | B12: sm | C12: 60 | D12: 40 | E12: 50
A13: Bo'limlar soni (bo'sh = avtomatik) | B13: dona | E13: 4
A14: Eshik turi | C14: Kupe | D14: Oddiy | E14: Eshiksiz
A15: Eshiklar soni (bo'sh = avtomatik) | B15: dona | D15: 2
A16: Shundan oynali eshiklar | B16: dona | C16: 1 | D16: 1 | E16: 0
A17: Polkalar soni (jami) | B17: dona | C17: 6 | D17: 4 | E17: 10
A18: Yashiklar soni | B18: dona | C18: 2 | D18: 0 | E18: 2
A19: Kiyim ilgich (shtanga) bo'limlari | B19: dona | C19: 1 | D19: 0 | E19: 2
A20: Ilgaklar (kiyim ilmog'i) | B20: dona | C20: 0 | D20: 6 | E20: 0
A21: Orqa devor (DVP) | C21: Ha | D21: Ha | E21: Yo'q
A22: Yuz qismi (eshik, yashik, tsokol) | C22: Laminat | D22: Laminat | E22: Laminat
A23: Yon qismi (yon devorlar) | C23: Laminat | D23: Laminat | E23: Laminat
A25: NATIJA
A26: Bo'limlar (hisobda) | B26: dona | C26: =IF('Korpus hisob'!C11=0,"",'Korpus hisob'!C14) -> 3 | D26: =IF('Korpus hisob'!D11=0,"",'Korpus hisob'!D14) -> 2 | E26: =IF('Korpus hisob'!E11=0,"",'Korpus hisob'!E14) -> 4 | F26: =IF('Korpus hisob'!F11=0,"",'Korpus hisob'!F14) | G26: =IF('Korpus hisob'!G11=0,"",'Korpus hisob'!G14) | H26: =IF('Korpus hisob'!H11=0,"",'Korpus hisob'!H14)
A27: Eshiklar (hisobda) | B27: dona | C27: =IF('Korpus hisob'!C11=0,"",'Korpus hisob'!C15) -> 2 | D27: =IF('Korpus hisob'!D11=0,"",'Korpus hisob'!D15) -> 2 | E27: =IF('Korpus hisob'!E11=0,"",'Korpus hisob'!E15) -> 0 | F27: =IF('Korpus hisob'!F11=0,"",'Korpus hisob'!F15) | G27: =IF('Korpus hisob'!G11=0,"",'Korpus hisob'!G15) | H27: =IF('Korpus hisob'!H11=0,"",'Korpus hisob'!H15)
A28: Eshik o'lchami (eni × balandligi) | B28: sm | C28: =IF('Korpus hisob'!C11=0,"",IF('Korpus hisob'!C15=0,"—",ROUND('Korpus hisob'!C30/10,1)&" × "&ROUND('Korpus hisob'!C31/10,1))) -> 101,5 × 236 | D28: =IF('Korpus hisob'!D11=0,"",IF('Korpus hisob'!D15=0,"—",ROUND('Korpus hisob'!D30/10,1)&" × "&ROUND('Korpus hisob'!D31/10,1))) -> 59,7 × 211,7 | E28: =IF('Korpus hisob'!E11=0,"",IF('Korpus hisob'!E15=0,"—",ROUND('Korpus hisob'!E30/10,1)&" × "&ROUND('Korpus hisob'!E31/10,1))) -> — | F28: =IF('Korpus hisob'!F11=0,"",IF('Korpus hisob'!F15=0,"—",ROUND('Korpus hisob'!F30/10,1)&" × "&ROUND('Korpus hisob'!F31/10,1))) | G28: =IF('Korpus hisob'!G11=0,"",IF('Korpus hisob'!G15=0,"—",ROUND('Korpus hisob'!G30/10,1)&" × "&ROUND('Korpus hisob'!G31/10,1))) | H28: =IF('Korpus hisob'!H11=0,"",IF('Korpus hisob'!H15=0,"—",ROUND('Korpus hisob'!H30/10,1)&" × "&ROUND('Korpus hisob'!H31/10,1)))
A29: Plita (LDSP + MDF), 1 dona | B29: m² | C29: =IF('Korpus hisob'!C11=0,"",'Korpus hisob'!C93) -> 11.940973 | D29: =IF('Korpus hisob'!D11=0,"",'Korpus hisob'!D93) -> 6.845298 | E29: =IF('Korpus hisob'!E11=0,"",'Korpus hisob'!E93) -> 13.74584 | F29: =IF('Korpus hisob'!F11=0,"",'Korpus hisob'!F93) | G29: =IF('Korpus hisob'!G11=0,"",'Korpus hisob'!G93) | H29: =IF('Korpus hisob'!H11=0,"",'Korpus hisob'!H93)
A30: Bo'yaladigan maydon, 1 dona | B30: m² | C30: =IF('Korpus hisob'!C11=0,"",'Korpus hisob'!C49) -> 0 | D30: =IF('Korpus hisob'!D11=0,"",'Korpus hisob'!D49) -> 0 | E30: =IF('Korpus hisob'!E11=0,"",'Korpus hisob'!E49) -> 0 | F30: =IF('Korpus hisob'!F11=0,"",'Korpus hisob'!F49) | G30: =IF('Korpus hisob'!G11=0,"",'Korpus hisob'!G49) | H30: =IF('Korpus hisob'!H11=0,"",'Korpus hisob'!H49)
A31: Xom ashyo | B31: so'm | C31: =IF('Korpus hisob'!C11=0,"",'Korpus hisob'!C87) -> 2178652.3 | D31: =IF('Korpus hisob'!D11=0,"",'Korpus hisob'!D87) -> 1411005.4 | E31: =IF('Korpus hisob'!E11=0,"",'Korpus hisob'!E87) -> 1874358 | F31: =IF('Korpus hisob'!F11=0,"",'Korpus hisob'!F87) | G31: =IF('Korpus hisob'!G11=0,"",'Korpus hisob'!G87) | H31: =IF('Korpus hisob'!H11=0,"",'Korpus hisob'!H87) | I31: ='Korpus hisob'!I87 -> 5464015.8
A32: Usta haqi | B32: so'm | C32: =IF('Korpus hisob'!C11=0,"",'Korpus hisob'!C88) -> 0 | D32: =IF('Korpus hisob'!D11=0,"",'Korpus hisob'!D88) -> 0 | E32: =IF('Korpus hisob'!E11=0,"",'Korpus hisob'!E88) -> 0 | F32: =IF('Korpus hisob'!F11=0,"",'Korpus hisob'!F88) | G32: =IF('Korpus hisob'!G11=0,"",'Korpus hisob'!G88) | H32: =IF('Korpus hisob'!H11=0,"",'Korpus hisob'!H88) | I32: ='Korpus hisob'!I88 -> 0
A33: Tan narx | B33: so'm | C33: =IF('Korpus hisob'!C11=0,"",'Korpus hisob'!C89) -> 2178652.3 | D33: =IF('Korpus hisob'!D11=0,"",'Korpus hisob'!D89) -> 1411005.4 | E33: =IF('Korpus hisob'!E11=0,"",'Korpus hisob'!E89) -> 1874358 | F33: =IF('Korpus hisob'!F11=0,"",'Korpus hisob'!F89) | G33: =IF('Korpus hisob'!G11=0,"",'Korpus hisob'!G89) | H33: =IF('Korpus hisob'!H11=0,"",'Korpus hisob'!H89) | I33: ='Korpus hisob'!I89 -> 5464015.8
A34: Sotuv narxi — 1 dona (naqd) | B34: so'm | C34: =IF('Korpus hisob'!C11=0,"",'Korpus hisob'!C90) -> 2179000 | D34: =IF('Korpus hisob'!D11=0,"",'Korpus hisob'!D90) -> 1412000 | E34: =IF('Korpus hisob'!E11=0,"",'Korpus hisob'!E90) -> 1875000 | F34: =IF('Korpus hisob'!F11=0,"",'Korpus hisob'!F90) | G34: =IF('Korpus hisob'!G11=0,"",'Korpus hisob'!G90) | H34: =IF('Korpus hisob'!H11=0,"",'Korpus hisob'!H90)
A35: SOTUV NARXI (naqd) | B35: so'm | C35: =IF('Korpus hisob'!C11=0,"",'Korpus hisob'!C91) -> 2179000 | D35: =IF('Korpus hisob'!D11=0,"",'Korpus hisob'!D91) -> 1412000 | E35: =IF('Korpus hisob'!E11=0,"",'Korpus hisob'!E91) -> 1875000 | F35: =IF('Korpus hisob'!F11=0,"",'Korpus hisob'!F91) | G35: =IF('Korpus hisob'!G11=0,"",'Korpus hisob'!G91) | H35: =IF('Korpus hisob'!H11=0,"",'Korpus hisob'!H91) | I35: ='Korpus hisob'!I91 -> 5466000
A36: Narxi yo'q xom ashyo | B36: ta | C36: =IF('Korpus hisob'!C11=0,"",'Korpus hisob'!C92) -> 3 | D36: =IF('Korpus hisob'!D11=0,"",'Korpus hisob'!D92) -> 1 | E36: =IF('Korpus hisob'!E11=0,"",'Korpus hisob'!E92) -> 1 | F36: =IF('Korpus hisob'!F11=0,"",'Korpus hisob'!F92) | G36: =IF('Korpus hisob'!G11=0,"",'Korpus hisob'!G92) | H36: =IF('Korpus hisob'!H11=0,"",'Korpus hisob'!H92) | I36: ='Korpus hisob'!I92 -> 5
A38: Tavsif (mijoz varag'ida) | C38: =IF('Korpus hisob'!C11=0,"",'Korpus mebel'!C10&"×"&'Korpus mebel'!C12&"×"&'Korpus mebel'!C11&" sm, "&IF('Korpus hisob'!C15=0,"eshiksiz",'Korpus hisob'!C15&" ta "&IF('Korpus hisob'!C13=1,"kupe","oddiy")&" eshik")&IF('Korpus hisob'!C16>0,", "&'Korpus hisob'!C16&" oyna","")&", "&IF(AND('Korpus mebel'!C22="Krasheniy",'Korpus mebel'!C23="Krasheniy"),"to'liq krasheniy",IF('Korpus mebel'!C22="Krasheniy","yuzi krasheniy",IF('Korpus mebel'!C23="Krasheniy","yoni krasheniy","laminat")))&IF('Korpus mebel'!C8="",""," — "&'Korpus mebel'!C8)) -> 200×60×240 sm, 2 ta kupe eshik, 1 oyna, laminat — Namuna: yotoqxona | D38: =IF('Korpus hisob'!D11=0,"",'Korpus mebel'!D10&"×"&'Korpus mebel'!D12&"×"&'Korpus mebel'!D11&" sm, "&IF('Korpus hisob'!D15=0,"eshiksiz",'Korpus hisob'!D15&" ta "&IF('Korpus hisob'!D13=1,"kupe","oddiy")&" eshik")&IF('Korpus hisob'!D16>0,", "&'Korpus hisob'!D16&" oyna","")&", "&IF(AND('Korpus mebel'!D22="Krasheniy",'Korpus mebel'!D23="Krasheniy"),"to'liq krasheniy",IF('Korpus mebel'!D22="Krasheniy","yuzi krasheniy",IF('Korpus mebel'!D23="Krasheniy","yoni krasheniy","laminat")))&IF('Korpus mebel'!D8="",""," — "&'Korpus mebel'!D8)) -> 120×40×220 sm, 2 ta oddiy eshik, 1 oyna, laminat — Namuna: yo'lak | E38: =IF('Korpus hisob'!E11=0,"",'Korpus mebel'!E10&"×"&'Korpus mebel'!E12&"×"&'Korpus mebel'!E11&" sm, "&IF('Korpus hisob'!E15=0,"eshiksiz",'Korpus hisob'!E15&" ta "&IF('Korpus hisob'!E13=1,"kupe","oddiy")&" eshik")&IF('Korpus hisob'!E16>0,", "&'Korpus hisob'!E16&" oyna","")&", "&IF(AND('Korpus mebel'!E22="Krasheniy",'Korpus mebel'!E23="Krasheniy"),"to'liq krasheniy",IF('Korpus mebel'!E22="Krasheniy","yuzi krasheniy",IF('Korpus mebel'!E23="Krasheniy","yoni krasheniy","laminat")))&IF('Korpus mebel'!E8="",""," — "&'Korpus mebel'!E8)) -> 300×50×250 sm, eshiksiz, laminat — Namuna: kiyim xonasi | F38: =IF('Korpus hisob'!F11=0,"",'Korpus mebel'!F10&"×"&'Korpus mebel'!F12&"×"&'Korpus mebel'!F11&" sm, "&IF('Korpus hisob'!F15=0,"eshiksiz",'Korpus hisob'!F15&" ta "&IF('Korpus hisob'!F13=1,"kupe","oddiy")&" eshik")&IF('Korpus hisob'!F16>0,", "&'Korpus hisob'!F16&" oyna","")&", "&IF(AND('Korpus mebel'!F22="Krasheniy",'Korpus mebel'!F23="Krasheniy"),"to'liq krasheniy",IF('Korpus mebel'!F22="Krasheniy","yuzi krasheniy",IF('Korpus mebel'!F23="Krasheniy","yoni krasheniy","laminat")))&IF('Korpus mebel'!F8="",""," — "&'Korpus mebel'!F8)) | G38: =IF('Korpus hisob'!G11=0,"",'Korpus mebel'!G10&"×"&'Korpus mebel'!G12&"×"&'Korpus mebel'!G11&" sm, "&IF('Korpus hisob'!G15=0,"eshiksiz",'Korpus hisob'!G15&" ta "&IF('Korpus hisob'!G13=1,"kupe","oddiy")&" eshik")&IF('Korpus hisob'!G16>0,", "&'Korpus hisob'!G16&" oyna","")&", "&IF(AND('Korpus mebel'!G22="Krasheniy",'Korpus mebel'!G23="Krasheniy"),"to'liq krasheniy",IF('Korpus mebel'!G22="Krasheniy","yuzi krasheniy",IF('Korpus mebel'!G23="Krasheniy","yoni krasheniy","laminat")))&IF('Korpus mebel'!G8="",""," — "&'Korpus mebel'!G8)) | H38: =IF('Korpus hisob'!H11=0,"",'Korpus mebel'!H10&"×"&'Korpus mebel'!H12&"×"&'Korpus mebel'!H11&" sm, "&IF('Korpus hisob'!H15=0,"eshiksiz",'Korpus hisob'!H15&" ta "&IF('Korpus hisob'!H13=1,"kupe","oddiy")&" eshik")&IF('Korpus hisob'!H16>0,", "&'Korpus hisob'!H16&" oyna","")&", "&IF(AND('Korpus mebel'!H22="Krasheniy",'Korpus mebel'!H23="Krasheniy"),"to'liq krasheniy",IF('Korpus mebel'!H22="Krasheniy","yuzi krasheniy",IF('Korpus mebel'!H23="Krasheniy","yoni krasheniy","laminat")))&IF('Korpus mebel'!H8="",""," — "&'Korpus mebel'!H8))
A40: =IF(kor_miss>0,"Korpus mebel: "&kor_miss&" ta kerakli xom ashyoning narxi yo'q (Laminat/Krasheniy xom ashyo varag'i)","") -> Korpus mebel: 5 ta kerakli xom ashyoning narxi yo'q (Laminat/Krasheniy xom ashyo varag'i)
A41: =IF(usta_foiz_k=0,"Korpus mebel: usta tanlanmagan yoki kelishuv foizi 0%","") -> Korpus mebel: usta tanlanmagan yoki kelishuv foizi 0%
A42: =IF(ustama_korpus=0,"Korpus mebel: Baraka ustamasi 0% (Sozlamalar)","") -> Korpus mebel: Baraka ustamasi 0% (Sozlamalar)

Sheet Mijoz uchun
A1: =kompaniya_nomi -> BARAKA MEBEL
A2: =IF(kompaniya_kontakt="","",kompaniya_kontakt)
A4: NARX TAKLIFI
B6: Mijoz: | C6: =IF(p_mijoz="","",p_mijoz) | E6: Telefon: | F6: =IF(p_tel="","",p_tel)
B7: Sotuvchi: | C7: =IF(p_sotuvchi="","",p_sotuvchi) | E7: Sana: | F7: =IF(p_sana="","",p_sana) -> 46314
B8: =IF(p_filial="","","Filial:") | C8: =IF(p_filial="","",p_filial)
A10: Buyurtma tarkibi
A11: № | B11: Mahsulot | C11: Tavsif | D11: Miqdori | E11: Birlik narxi | F11: Summa (so'm)
A12: =IF($H12="","",1) -> 1 | B12: =IF($H12="","",INDEX('Ro''yxat'!$B$4:$B$24,$H12)) -> Shkaf | C12: =IF($H12="","",INDEX('Ro''yxat'!$C$4:$C$24,$H12)) -> 240×60×220 sm, 6 eshik, 2 oyna, laminat | D12: =IF($H12="","",INDEX('Ro''yxat'!$D$4:$D$24,$H12)) -> 1 dona | E12: =IF($H12="","",INDEX('Ro''yxat'!$E$4:$E$24,$H12)) -> 3060000 | F12: =IF($H12="","",INDEX('Ro''yxat'!$F$4:$F$24,$H12)) -> 3060000 | H12: =IFERROR(MATCH(1,'Ro''yxat'!$H$4:$H$24,0),"") -> 1
A13: =IF($H13="","",2) -> 2 | B13: =IF($H13="","",INDEX('Ro''yxat'!$B$4:$B$24,$H13)) -> Krovat | C13: =IF($H13="","",INDEX('Ro''yxat'!$C$4:$C$24,$H13)) -> 170×220 sm, spinka 150 sm, figurali, oddiy kapot | D13: =IF($H13="","",INDEX('Ro''yxat'!$D$4:$D$24,$H13)) -> 1 dona | E13: =IF($H13="","",INDEX('Ro''yxat'!$E$4:$E$24,$H13)) -> 1183000 | F13: =IF($H13="","",INDEX('Ro''yxat'!$F$4:$F$24,$H13)) -> 1183000 | H13: =IFERROR(MATCH(2,'Ro''yxat'!$H$4:$H$24,0),"") -> 2
A14: =IF($H14="","",3) -> 3 | B14: =IF($H14="","",INDEX('Ro''yxat'!$B$4:$B$24,$H14)) -> Matras | C14: =IF($H14="","",INDEX('Ro''yxat'!$C$4:$C$24,$H14)) -> 180x200 sm | D14: =IF($H14="","",INDEX('Ro''yxat'!$D$4:$D$24,$H14)) -> 1 dona | E14: =IF($H14="","",INDEX('Ro''yxat'!$E$4:$E$24,$H14)) -> 1200000 | F14: =IF($H14="","",INDEX('Ro''yxat'!$F$4:$F$24,$H14)) -> 1200000 | H14: =IFERROR(MATCH(3,'Ro''yxat'!$H$4:$H$24,0),"") -> 3
A15: =IF($H15="","",4) -> 4 | B15: =IF($H15="","",INDEX('Ro''yxat'!$B$4:$B$24,$H15)) -> Tumbochka | C15: =IF($H15="","",INDEX('Ro''yxat'!$C$4:$C$24,$H15)) -> 50×40×60 sm, 2 yashik, laminat | D15: =IF($H15="","",INDEX('Ro''yxat'!$D$4:$D$24,$H15)) -> 1 dona | E15: =IF($H15="","",INDEX('Ro''yxat'!$E$4:$E$24,$H15)) -> 579000 | F15: =IF($H15="","",INDEX('Ro''yxat'!$F$4:$F$24,$H15)) -> 579000 | H15: =IFERROR(MATCH(4,'Ro''yxat'!$H$4:$H$24,0),"") -> 4
A16: =IF($H16="","",5) -> 5 | B16: =IF($H16="","",INDEX('Ro''yxat'!$B$4:$B$24,$H16)) -> Trimo | C16: =IF($H16="","",INDEX('Ro''yxat'!$C$4:$C$24,$H16)) -> 160×45×83 sm, laminat | D16: =IF($H16="","",INDEX('Ro''yxat'!$D$4:$D$24,$H16)) -> 1 dona | E16: =IF($H16="","",INDEX('Ro''yxat'!$E$4:$E$24,$H16)) -> 1383000 | F16: =IF($H16="","",INDEX('Ro''yxat'!$F$4:$F$24,$H16)) -> 1383000 | H16: =IFERROR(MATCH(5,'Ro''yxat'!$H$4:$H$24,0),"") -> 5
A17: =IF($H17="","",6) -> 6 | B17: =IF($H17="","",INDEX('Ro''yxat'!$B$4:$B$24,$H17)) -> Chester | C17: =IF($H17="","",INDEX('Ro''yxat'!$C$4:$C$24,$H17)) -> 80×50×100 sm, 4 yashik, laminat | D17: =IF($H17="","",INDEX('Ro''yxat'!$D$4:$D$24,$H17)) -> 1 dona | E17: =IF($H17="","",INDEX('Ro''yxat'!$E$4:$E$24,$H17)) -> 1302000 | F17: =IF($H17="","",INDEX('Ro''yxat'!$F$4:$F$24,$H17)) -> 1302000 | H17: =IFERROR(MATCH(6,'Ro''yxat'!$H$4:$H$24,0),"") -> 6
A18: =IF($H18="","",7) -> 7 | B18: =IF($H18="","",INDEX('Ro''yxat'!$B$4:$B$24,$H18)) -> Pufik | C18: =IF($H18="","",INDEX('Ro''yxat'!$C$4:$C$24,$H18)) -> 40×40×45 sm | D18: =IF($H18="","",INDEX('Ro''yxat'!$D$4:$D$24,$H18)) -> 1 dona | E18: =IF($H18="","",INDEX('Ro''yxat'!$E$4:$E$24,$H18)) -> 186000 | F18: =IF($H18="","",INDEX('Ro''yxat'!$F$4:$F$24,$H18)) -> 186000 | H18: =IFERROR(MATCH(7,'Ro''yxat'!$H$4:$H$24,0),"") -> 7
A19: =IF($H19="","",8) -> 8 | B19: =IF($H19="","",INDEX('Ro''yxat'!$B$4:$B$24,$H19)) -> Stoyka oyna | C19: =IF($H19="","",INDEX('Ro''yxat'!$C$4:$C$24,$H19)) -> 160×50 sm | D19: =IF($H19="","",INDEX('Ro''yxat'!$D$4:$D$24,$H19)) -> 1 dona | E19: =IF($H19="","",INDEX('Ro''yxat'!$E$4:$E$24,$H19)) -> 412000 | F19: =IF($H19="","",INDEX('Ro''yxat'!$F$4:$F$24,$H19)) -> 412000 | H19: =IFERROR(MATCH(8,'Ro''yxat'!$H$4:$H$24,0),"") -> 8
A20: =IF($H20="","",9) -> 9 | B20: =IF($H20="","",INDEX('Ro''yxat'!$B$4:$B$24,$H20)) -> Qadoqlash | C20: =IF($H20="","",INDEX('Ro''yxat'!$C$4:$C$24,$H20)) -> Butun buyurtma uchun | D20: =IF($H20="","",INDEX('Ro''yxat'!$D$4:$D$24,$H20)) -> 1 dona | E20: =IF($H20="","",INDEX('Ro''yxat'!$E$4:$E$24,$H20)) -> 355000 | F20: =IF($H20="","",INDEX('Ro''yxat'!$F$4:$F$24,$H20)) -> 355000 | H20: =IFERROR(MATCH(9,'Ro''yxat'!$H$4:$H$24,0),"") -> 9
A21: =IF($H21="","",10) | B21: =IF($H21="","",INDEX('Ro''yxat'!$B$4:$B$24,$H21)) | C21: =IF($H21="","",INDEX('Ro''yxat'!$C$4:$C$24,$H21)) | D21: =IF($H21="","",INDEX('Ro''yxat'!$D$4:$D$24,$H21)) | E21: =IF($H21="","",INDEX('Ro''yxat'!$E$4:$E$24,$H21)) | F21: =IF($H21="","",INDEX('Ro''yxat'!$F$4:$F$24,$H21)) | H21: =IFERROR(MATCH(10,'Ro''yxat'!$H$4:$H$24,0),"")
A22: =IF($H22="","",11) | B22: =IF($H22="","",INDEX('Ro''yxat'!$B$4:$B$24,$H22)) | C22: =IF($H22="","",INDEX('Ro''yxat'!$C$4:$C$24,$H22)) | D22: =IF($H22="","",INDEX('Ro''yxat'!$D$4:$D$24,$H22)) | E22: =IF($H22="","",INDEX('Ro''yxat'!$E$4:$E$24,$H22)) | F22: =IF($H22="","",INDEX('Ro''yxat'!$F$4:$F$24,$H22)) | H22: =IFERROR(MATCH(11,'Ro''yxat'!$H$4:$H$24,0),"")
A23: =IF($H23="","",12) | B23: =IF($H23="","",INDEX('Ro''yxat'!$B$4:$B$24,$H23)) | C23: =IF($H23="","",INDEX('Ro''yxat'!$C$4:$C$24,$H23)) | D23: =IF($H23="","",INDEX('Ro''yxat'!$D$4:$D$24,$H23)) | E23: =IF($H23="","",INDEX('Ro''yxat'!$E$4:$E$24,$H23)) | F23: =IF($H23="","",INDEX('Ro''yxat'!$F$4:$F$24,$H23)) | H23: =IFERROR(MATCH(12,'Ro''yxat'!$H$4:$H$24,0),"")
A24: =IF($H24="","",13) | B24: =IF($H24="","",INDEX('Ro''yxat'!$B$4:$B$24,$H24)) | C24: =IF($H24="","",INDEX('Ro''yxat'!$C$4:$C$24,$H24)) | D24: =IF($H24="","",INDEX('Ro''yxat'!$D$4:$D$24,$H24)) | E24: =IF($H24="","",INDEX('Ro''yxat'!$E$4:$E$24,$H24)) | F24: =IF($H24="","",INDEX('Ro''yxat'!$F$4:$F$24,$H24)) | H24: =IFERROR(MATCH(13,'Ro''yxat'!$H$4:$H$24,0),"")
A25: =IF($H25="","",14) | B25: =IF($H25="","",INDEX('Ro''yxat'!$B$4:$B$24,$H25)) | C25: =IF($H25="","",INDEX('Ro''yxat'!$C$4:$C$24,$H25)) | D25: =IF($H25="","",INDEX('Ro''yxat'!$D$4:$D$24,$H25)) | E25: =IF($H25="","",INDEX('Ro''yxat'!$E$4:$E$24,$H25)) | F25: =IF($H25="","",INDEX('Ro''yxat'!$F$4:$F$24,$H25)) | H25: =IFERROR(MATCH(14,'Ro''yxat'!$H$4:$H$24,0),"")
A26: =IF($H26="","",15) | B26: =IF($H26="","",INDEX('Ro''yxat'!$B$4:$B$24,$H26)) | C26: =IF($H26="","",INDEX('Ro''yxat'!$C$4:$C$24,$H26)) | D26: =IF($H26="","",INDEX('Ro''yxat'!$D$4:$D$24,$H26)) | E26: =IF($H26="","",INDEX('Ro''yxat'!$E$4:$E$24,$H26)) | F26: =IF($H26="","",INDEX('Ro''yxat'!$F$4:$F$24,$H26)) | H26: =IFERROR(MATCH(15,'Ro''yxat'!$H$4:$H$24,0),"")
A27: =IF($H27="","",16) | B27: =IF($H27="","",INDEX('Ro''yxat'!$B$4:$B$24,$H27)) | C27: =IF($H27="","",INDEX('Ro''yxat'!$C$4:$C$24,$H27)) | D27: =IF($H27="","",INDEX('Ro''yxat'!$D$4:$D$24,$H27)) | E27: =IF($H27="","",INDEX('Ro''yxat'!$E$4:$E$24,$H27)) | F27: =IF($H27="","",INDEX('Ro''yxat'!$F$4:$F$24,$H27)) | H27: =IFERROR(MATCH(16,'Ro''yxat'!$H$4:$H$24,0),"")
B28: =IF(chegirma_summa>0,"JAMI","JAMI (naqd narx)") -> JAMI (naqd narx) | F28: =jami_sotuv -> 9660000
B29: =IF(chegirma_summa>0,"Chegirma ("&TEXT(p_chegirma,"0%")&")","") | F29: =IF(chegirma_summa>0,-chegirma_summa,"")
B30: =IF(chegirma_summa>0,"NAQD NARX (chegirma bilan)","") | F30: =IF(chegirma_summa>0,naqd_chegirma_bilan,"")
A32: To'lov sharti
B33: To'lov turi: | C33: =IF(tanlangan_oy=0,"Naqd to'lov","Muddatli to'lov — "&tanlangan_oy&" oy") -> Naqd to'lov
B34: =IF(tanlangan_oy=0,"To'lov summasi:","Oldindan to'lov:") -> To'lov summasi: | C34: =IF(tanlangan_oy=0,naqd_narx,old_tolov) -> 9660000
B35: =IF(tanlangan_oy=0,"","Oylik to'lov:") | C35: =IF(tanlangan_oy=0,"",TEXT(tanlangan_oylik,"#,##0")&" so'm × "&tanlangan_oy&" oy")
B36: =IF(tanlangan_oy=0,"","Jami to'lov:") | C36: =IF(tanlangan_oy=0,"",tanlangan_jami)
A38: To'lov variantlari | C38: ="oldindan to'lov: "&TEXT(old_tolov,"#,##0")&" so'm" -> oldindan to'lov: ,0 so'm
B39: To'lov turi | C39: Oylik to'lov (so'm) | D39: Oy | E39: Oldindan to'lov | F39: Jami to'lov (so'm)
B40: =Tariflar!A38 -> Naqd | C40: — | E40: — | F40: =Tariflar!F38 -> 9660000
B41: =Tariflar!A39 -> 3 oy | C41: =Tariflar!E39 -> 3703000 | D41: ="× "&Tariflar!B39 -> × 3 | E41: =old_tolov -> 0 | F41: =Tariflar!F39 -> 11109000
B42: =Tariflar!A40 -> 6 oy | C42: =Tariflar!E40 -> 1997000 | D42: ="× "&Tariflar!B40 -> × 6 | E42: =old_tolov -> 0 | F42: =Tariflar!F40 -> 11982000
B43: =Tariflar!A41 -> 12 oy | C43: =Tariflar!E41 -> 1144000 | D43: ="× "&Tariflar!B41 -> × 12 | E43: =old_tolov -> 0 | F43: =Tariflar!F41 -> 13728000
B44: =Tariflar!A42 -> 18 oy | C44: =Tariflar!E42 -> 856000 | D44: ="× "&Tariflar!B42 -> × 18 | E44: =old_tolov -> 0 | F44: =Tariflar!F42 -> 15408000
A46: ="Narxlar "&IF(p_sana="","",TEXT(p_sana,"dd.mm.yyyy"))&" holatiga ko'ra hisoblangan. Yashil qator — tanlangan to'lov turi." -> Narxlar dd.mm.yyyy holatiga ko'ra hisoblangan. Yashil qator — tanlangan to'lov turi.
B49: Sotuvchi: ____________________ | E49: Mijoz: ____________________

Sheet Ustalar
A1: Ustalar ro'yxati
A2: Har bir usta bilan kelishilgan foizni kiriting. Usta haqi = buyurtmaning xom ashyo summasi × kelishuv %. Panelda usta shu ro'yxatdan tanlanadi. Sariq kataklarni to'ldiring.
A3: Namuna (to'ldirish formati): Karimov Anvar | +998 90 123 45 67 | Korpus mebel | Qo'qon sh., Navoiy ko'chasi | 18% | 01.10.2026
A5: № | B5: Usta F.I.O. | C5: Telefon | D5: Ish turi (mutaxassisligi) | E5: Ustaxona / manzil | F5: Kelishuv, % (xom ashyo summasiga) | G5: Shartnoma sanasi | H5: Izoh
A6: 1
A7: 2
A8: 3
A9: 4
A10: 5
A11: 6
A12: 7
A13: 8
A14: 9
A15: 10
A16: 11
A17: 12
... A55: 50

Sheet Laminat xom ashyo
A1: Laminat xom ashyo — narxlar va sarf
A2: Barcha mahsulotlar LAMINAT variantida hisoblanadi (krovat kapoti — DSP). Shkaf, trimo, chester, tumbochkada panelda krasheniy tanlansa, buyurtma tannarxi o'sha mahsulot uchun Krasheniy varag'idan olinadi, bu yerdagi miqdor esa taqqoslash uchun qoladi. Sariq kataklar — 1 birlik narxi. Mahsulot ustunlari — sof sarf (otxodsiz).
C3: Joriy kurs (1 $): | D3: =kurs_joriy -> 11963
A4: № | B4: Guruh | C4: Xom ashyo | D4: Birlik | E4: Shkaf | F4: Krovat | G4: Matras | H4: Tumbochka | I4: Trimo | J4: Chester | K4: Pufik | L4: Stoyka oyna | M4: Qadoqlash | N4: Jami sof | O4: Otxod / zapas | P4: Jami kerak | Q4: Narx turi | R4: Narx (kiritilgan) | S4: Narx (so'm, joriy kurs) | T4: Summa (so'm) | U4: Summa ($) | V4: Izoh
A5: 1 | B5: Asosiy | C5: LDSP 16mm (laminat) | D5: list | E5: =SUMIFS(Detallar!$I$5:$I$300,Detallar!$B$5:$B$300,E$4,Detallar!$D$5:$D$300,"LDSP 16mm")/(ldsp_L*ldsp_W/1000000) -> 2.7726001 | F5: =SUMIFS(Detallar!$I$5:$I$300,Detallar!$B$5:$B$300,F$4,Detallar!$D$5:$D$300,"LDSP 16mm")/(ldsp_L*ldsp_W/1000000) -> 1.0742236 | G5: =SUMIFS(Detallar!$I$5:$I$300,Detallar!$B$5:$B$300,G$4,Detallar!$D$5:$D$300,"LDSP 16mm")/(ldsp_L*ldsp_W/1000000) -> 0 | H5: =SUMIFS(Detallar!$I$5:$I$300,Detallar!$B$5:$B$300,H$4,Detallar!$D$5:$D$300,"LDSP 16mm")/(ldsp_L*ldsp_W/1000000) -> 0.29118875 | I5: =SUMIFS(Detallar!$I$5:$I$300,Detallar!$B$5:$B$300,I$4,Detallar!$D$5:$D$300,"LDSP 16mm")/(ldsp_L*ldsp_W/1000000) -> 0.92537992 | J5: =SUMIFS(Detallar!$I$5:$I$300,Detallar!$B$5:$B$300,J$4,Detallar!$D$5:$D$300,"LDSP 16mm")/(ldsp_L*ldsp_W/1000000) -> 0.69172326 | K5: =SUMIFS(Detallar!$I$5:$I$300,Detallar!$B$5:$B$300,K$4,Detallar!$D$5:$D$300,"LDSP 16mm")/(ldsp_L*ldsp_W/1000000) -> 0.12035887 | L5: =SUMIFS(Detallar!$I$5:$I$300,Detallar!$B$5:$B$300,L$4,Detallar!$D$5:$D$300,"LDSP 16mm")/(ldsp_L*ldsp_W/1000000) -> 0.23809524 | M5: =SUMIFS(Detallar!$I$5:$I$300,Detallar!$B$5:$B$300,M$4,Detallar!$D$5:$D$300,"LDSP 16mm")/(ldsp_L*ldsp_W/1000000) -> 0 | N5: =SUM(E5:M5) -> 6.1135697 | O5: 0.15 | P5: =N5*(1+O5) -> 7.0306052 | Q5: So'm (kursga bog'liq) | R5: 400000 | S5: =IF(Q5="Dollar",R5*kurs_joriy,IF(Q5="So'm (kursga bog'liq)",R5*kurs_joriy/kurs_baza,R5)) -> 400000 | T5: =P5*S5 -> 2812242.1 | U5: =T5/kurs_joriy -> 235.07833 | V5: Narx 1 list uchun
A6: 2 | B6: Asosiy | C6: DSP 16mm — oddiy kapot | D6: list | E6: =SUMIFS(Detallar!$I$5:$I$300,Detallar!$B$5:$B$300,E$4,Detallar!$D$5:$D$300,"DSP 16mm (oddiy kapot)")/(dsp_L*dsp_W/1000000) -> 0 | F6: =SUMIFS(Detallar!$I$5:$I$300,Detallar!$B$5:$B$300,F$4,Detallar!$D$5:$D$300,"DSP 16mm (oddiy kapot)")/(dsp_L*dsp_W/1000000) -> 0.71685087 | G6: =SUMIFS(Detallar!$I$5:$I$300,Detallar!$B$5:$B$300,G$4,Detallar!$D$5:$D$300,"DSP 16mm (oddiy kapot)")/(dsp_L*dsp_W/1000000) -> 0 | H6: =SUMIFS(Detallar!$I$5:$I$300,Detallar!$B$5:$B$300,H$4,Detallar!$D$5:$D$300,"DSP 16mm (oddiy kapot)")/(dsp_L*dsp_W/1000000) -> 0 | I6: =SUMIFS(Detallar!$I$5:$I$300,Detallar!$B$5:$B$300,I$4,Detallar!$D$5:$D$300,"DSP 16mm (oddiy kapot)")/(dsp_L*dsp_W/1000000) -> 0 | J6: =SUMIFS(Detallar!$I$5:$I$300,Detallar!$B$5:$B$300,J$4,Detallar!$D$5:$D$300,"DSP 16mm (oddiy kapot)")/(dsp_L*dsp_W/1000000) -> 0 | K6: =SUMIFS(Detallar!$I$5:$I$300,Detallar!$B$5:$B$300,K$4,Detallar!$D$5:$D$300,"DSP 16mm (oddiy kapot)")/(dsp_L*dsp_W/1000000) -> 0 | L6: =SUMIFS(Detallar!$I$5:$I$300,Detallar!$B$5:$B$300,L$4,Detallar!$D$5:$D$300,"DSP 16mm (oddiy kapot)")/(dsp_L*dsp_W/1000000) -> 0 | M6: =SUMIFS(Detallar!$I$5:$I$300,Detallar!$B$5:$B$300,M$4,Detallar!$D$5:$D$300,"DSP 16mm (oddiy kapot)")/(dsp_L*dsp_W/1000000) -> 0 | N6: =SUM(E6:M6) -> 0.71685087 | O6: 0.15 | P6: =N6*(1+O6) -> 0.8243785 | Q6: So'm (kursga bog'liq) | S6: =IF(Q6="Dollar",R6*kurs_joriy,IF(Q6="So'm (kursga bog'liq)",R6*kurs_joriy/kurs_baza,R6)) -> 0 | T6: =P6*S6 -> 0 | U6: =T6/kurs_joriy -> 0 | V6: Krovat kapoti (matras tagi), oddiy; narx 1 list uchun
A7: 3 | B7: Asosiy | C7: DSP 16mm — nasosli kapot | D7: list | E7: =SUMIFS(Detallar!$I$5:$I$300,Detallar!$B$5:$B$300,E$4,Detallar!$D$5:$D$300,"DSP 16mm (nasosli kapot)")/(dsp_L*dsp_W/1000000) -> 0 | F7: =SUMIFS(Detallar!$I$5:$I$300,Detallar!$B$5:$B$300,F$4,Detallar!$D$5:$D$300,"DSP 16mm (nasosli kapot)")/(dsp_L*dsp_W/1000000) -> 0 | G7: =SUMIFS(Detallar!$I$5:$I$300,Detallar!$B$5:$B$300,G$4,Detallar!$D$5:$D$300,"DSP 16mm (nasosli kapot)")/(dsp_L*dsp_W/1000000) -> 0 | H7: =SUMIFS(Detallar!$I$5:$I$300,Detallar!$B$5:$B$300,H$4,Detallar!$D$5:$D$300,"DSP 16mm (nasosli kapot)")/(dsp_L*dsp_W/1000000) -> 0 | I7: =SUMIFS(Detallar!$I$5:$I$300,Detallar!$B$5:$B$300,I$4,Detallar!$D$5:$D$300,"DSP 16mm (nasosli kapot)")/(dsp_L*dsp_W/1000000) -> 0 | J7: =SUMIFS(Detallar!$I$5:$I$300,Detallar!$B$5:$B$300,J$4,Detallar!$D$5:$D$300,"DSP 16mm (nasosli kapot)")/(dsp_L*dsp_W/1000000) -> 0 | K7: =SUMIFS(Detallar!$I$5:$I$300,Detallar!$B$5:$B$300,K$4,Detallar!$D$5:$D$300,"DSP 16mm (nasosli kapot)")/(dsp_L*dsp_W/1000000) -> 0 | L7: =SUMIFS(Detallar!$I$5:$I$300,Detallar!$B$5:$B$300,L$4,Detallar!$D$5:$D$300,"DSP 16mm (nasosli kapot)")/(dsp_L*dsp_W/1000000) -> 0 | M7: =SUMIFS(Detallar!$I$5:$I$300,Detallar!$B$5:$B$300,M$4,Detallar!$D$5:$D$300,"DSP 16mm (nasosli kapot)")/(dsp_L*dsp_W/1000000) -> 0 | N7: =SUM(E7:M7) -> 0 | O7: 0.15 | P7: =N7*(1+O7) -> 0 | Q7: So'm (kursga bog'liq) | S7: =IF(Q7="Dollar",R7*kurs_joriy,IF(Q7="So'm (kursga bog'liq)",R7*kurs_joriy/kurs_baza,R7)) -> 0 | T7: =P7*S7 -> 0 | U7: =T7/kurs_joriy -> 0 | V7: Krovat kapoti, nasosli; narx 1 list uchun
A8: 4 | B8: Asosiy | C8: DVP 3mm (orqa devor, yashik tagi) | D8: list | E8: =SUMIFS(Detallar!$I$5:$I$300,Detallar!$B$5:$B$300,E$4,Detallar!$D$5:$D$300,"DVP 3mm")/(dvp_L*dvp_W/1000000) -> 1.1237647 | F8: =SUMIFS(Detallar!$I$5:$I$300,Detallar!$B$5:$B$300,F$4,Detallar!$D$5:$D$300,"DVP 3mm")/(dvp_L*dvp_W/1000000) -> 0 | G8: =SUMIFS(Detallar!$I$5:$I$300,Detallar!$B$5:$B$300,G$4,Detallar!$D$5:$D$300,"DVP 3mm")/(dvp_L*dvp_W/1000000) -> 0 | H8: =SUMIFS(Detallar!$I$5:$I$300,Detallar!$B$5:$B$300,H$4,Detallar!$D$5:$D$300,"DVP 3mm")/(dvp_L*dvp_W/1000000) -> 0.12795028 | I8: =SUMIFS(Detallar!$I$5:$I$300,Detallar!$B$5:$B$300,I$4,Detallar!$D$5:$D$300,"DVP 3mm")/(dvp_L*dvp_W/1000000) -> 0.40200579 | J8: =SUMIFS(Detallar!$I$5:$I$300,Detallar!$B$5:$B$300,J$4,Detallar!$D$5:$D$300,"DVP 3mm")/(dvp_L*dvp_W/1000000) -> 0.45337619 | K8: =SUMIFS(Detallar!$I$5:$I$300,Detallar!$B$5:$B$300,K$4,Detallar!$D$5:$D$300,"DVP 3mm")/(dvp_L*dvp_W/1000000) -> 0.034286939 | L8: =SUMIFS(Detallar!$I$5:$I$300,Detallar!$B$5:$B$300,L$4,Detallar!$D$5:$D$300,"DVP 3mm")/(dvp_L*dvp_W/1000000) -> 0 | M8: =SUMIFS(Detallar!$I$5:$I$300,Detallar!$B$5:$B$300,M$4,Detallar!$D$5:$D$300,"DVP 3mm")/(dvp_L*dvp_W/1000000) -> 0 | N8: =SUM(E8:M8) -> 2.1413839 | O8: 0.15 | P8: =N8*(1+O8) -> 2.4625915 | Q8: So'm (kursga bog'liq) | R8: 190000 | S8: =IF(Q8="Dollar",R8*kurs_joriy,IF(Q8="So'm (kursga bog'liq)",R8*kurs_joriy/kurs_baza,R8)) -> 190000 | T8: =P8*S8 -> 467892.38 | U8: =T8/kurs_joriy -> 39.111626 | V8: Narx 1 list uchun
A9: 5 | B9: Asosiy | C9: Oyna 4mm (ko'zgu) | D9: m² | E9: =SUMIFS(Detallar!$I$5:$I$300,Detallar!$B$5:$B$300,E$4,Detallar!$D$5:$D$300,"Oyna 4mm") -> 1.6 | F9: =SUMIFS(Detallar!$I$5:$I$300,Detallar!$B$5:$B$300,F$4,Detallar!$D$5:$D$300,"Oyna 4mm") -> 0 | G9: =SUMIFS(Detallar!$I$5:$I$300,Detallar!$B$5:$B$300,G$4,Detallar!$D$5:$D$300,"Oyna 4mm") -> 0 | H9: =SUMIFS(Detallar!$I$5:$I$300,Detallar!$B$5:$B$300,H$4,Detallar!$D$5:$D$300,"Oyna 4mm") -> 0 | I9: =SUMIFS(Detallar!$I$5:$I$300,Detallar!$B$5:$B$300,I$4,Detallar!$D$5:$D$300,"Oyna 4mm") -> 0 | J9: =SUMIFS(Detallar!$I$5:$I$300,Detallar!$B$5:$B$300,J$4,Detallar!$D$5:$D$300,"Oyna 4mm") -> 0 | K9: =SUMIFS(Detallar!$I$5:$I$300,Detallar!$B$5:$B$300,K$4,Detallar!$D$5:$D$300,"Oyna 4mm") -> 0 | L9: =SUMIFS(Detallar!$I$5:$I$300,Detallar!$B$5:$B$300,L$4,Detallar!$D$5:$D$300,"Oyna 4mm") -> 0.8 | M9: =SUMIFS(Detallar!$I$5:$I$300,Detallar!$B$5:$B$300,M$4,Detallar!$D$5:$D$300,"Oyna 4mm") -> 0 | N9: =SUM(E9:M9) -> 2.4 | O9: 0 | P9: =N9*(1+O9) -> 2.4 | Q9: So'm (kursga bog'liq) | R9: 140000 | S9: =IF(Q9="Dollar",R9*kurs_joriy,IF(Q9="So'm (kursga bog'liq)",R9*kurs_joriy/kurs_baza,R9)) -> 140000 | T9: =P9*S9 -> 336000 | U9: =T9/kurs_joriy -> 28.0866 | V9: Shkaf eshik oynalari + stoyka oyna
A10: 6 | B10: Asosiy | C10: Kromka PVX 2mm | D10: m | E10: =SUMIFS(Detallar!$N$5:$N$300,Detallar!$B$5:$B$300,E$4) -> 30.168 | F10: =SUMIFS(Detallar!$N$5:$N$300,Detallar!$B$5:$B$300,F$4) -> 21.636 | G10: =SUMIFS(Detallar!$N$5:$N$300,Detallar!$B$5:$B$300,G$4) -> 0 | H10: =SUMIFS(Detallar!$N$5:$N$300,Detallar!$B$5:$B$300,H$4) -> 4.284 | I10: =SUMIFS(Detallar!$N$5:$N$300,Detallar!$B$5:$B$300,I$4) -> 12.17 | J10: =SUMIFS(Detallar!$N$5:$N$300,Detallar!$B$5:$B$300,J$4) -> 9.96 | K10: =SUMIFS(Detallar!$N$5:$N$300,Detallar!$B$5:$B$300,K$4) -> 0 | L10: =SUMIFS(Detallar!$N$5:$N$300,Detallar!$B$5:$B$300,L$4) -> 7.6 | M10: =SUMIFS(Detallar!$N$5:$N$300,Detallar!$B$5:$B$300,M$4) -> 0 | N10: =SUM(E10:M10) -> 85.818 | O10: 0.1 | P10: =N10*(1+O10) -> 94.3998 | Q10: So'm (kursga bog'liq) | R10: 4000 | S10: =IF(Q10="Dollar",R10*kurs_joriy,IF(Q10="So'm (kursga bog'liq)",R10*kurs_joriy/kurs_baza,R10)) -> 4000 | T10: =P10*S10 -> 377599.2 | U10: =T10/kurs_joriy -> 31.563922 | V10: Narx kromkalash xizmati bilan; nasosli kapot qirralari ham shu yerda
A11: 7 | B11: Asosiy | C11: Kromka PVX 0.4mm | D11: m | E11: =SUMIFS(Detallar!$O$5:$O$300,Detallar!$B$5:$B$300,E$4) -> 22.28 | F11: =SUMIFS(Detallar!$O$5:$O$300,Detallar!$B$5:$B$300,F$4) -> 4.336 | G11: =SUMIFS(Detallar!$O$5:$O$300,Detallar!$B$5:$B$300,G$4) -> 0 | H11: =SUMIFS(Detallar!$O$5:$O$300,Detallar!$B$5:$B$300,H$4) -> 5.144 | I11: =SUMIFS(Detallar!$O$5:$O$300,Detallar!$B$5:$B$300,I$4) -> 12.344 | J11: =SUMIFS(Detallar!$O$5:$O$300,Detallar!$B$5:$B$300,J$4) -> 12.784 | K11: =SUMIFS(Detallar!$O$5:$O$300,Detallar!$B$5:$B$300,K$4) -> 0 | L11: =SUMIFS(Detallar!$O$5:$O$300,Detallar!$B$5:$B$300,L$4) -> 0 | M11: =SUMIFS(Detallar!$O$5:$O$300,Detallar!$B$5:$B$300,M$4) -> 0 | N11: =SUM(E11:M11) -> 56.888 | O11: 0.1 | P11: =N11*(1+O11) -> 62.5768 | Q11: So'm (kursga bog'liq) | R11: 3000 | S11: =IF(Q11="Dollar",R11*kurs_joriy,IF(Q11="So'm (kursga bog'liq)",R11*kurs_joriy/kurs_baza,R11)) -> 3000 | T11: =P11*S11 -> 187730.4 | U11: =T11/kurs_joriy -> 15.692585 | V11: Narx kromkalash xizmati bilan
A12: 8 | B12: Furnitura | C12: Sharnir (mebel petlyasi) 35mm | D12: dona | E12: =SUMIFS(Furnitura!$E$5:$E$400,Furnitura!$B$5:$B$400,E$4,Furnitura!$C$5:$C$400,$C12) -> 30 | F12: =SUMIFS(Furnitura!$E$5:$E$400,Furnitura!$B$5:$B$400,F$4,Furnitura!$C$5:$C$400,$C12) -> 0 | G12: =SUMIFS(Furnitura!$E$5:$E$400,Furnitura!$B$5:$B$400,G$4,Furnitura!$C$5:$C$400,$C12) -> 0 | H12: =SUMIFS(Furnitura!$E$5:$E$400,Furnitura!$B$5:$B$400,H$4,Furnitura!$C$5:$C$400,$C12) -> 0 | I12: =SUMIFS(Furnitura!$E$5:$E$400,Furnitura!$B$5:$B$400,I$4,Furnitura!$C$5:$C$400,$C12) -> 4 | J12: =SUMIFS(Furnitura!$E$5:$E$400,Furnitura!$B$5:$B$400,J$4,Furnitura!$C$5:$C$400,$C12) -> 0 | K12: =SUMIFS(Furnitura!$E$5:$E$400,Furnitura!$B$5:$B$400,K$4,Furnitura!$C$5:$C$400,$C12) -> 0 | L12: =SUMIFS(Furnitura!$E$5:$E$400,Furnitura!$B$5:$B$400,L$4,Furnitura!$C$5:$C$400,$C12) -> 0 | M12: =SUMIFS(Furnitura!$E$5:$E$400,Furnitura!$B$5:$B$400,M$4,Furnitura!$C$5:$C$400,$C12) -> 0 | N12: =SUM(E12:M12) -> 34 | O12: 0 | P12: =N12*(1+O12) -> 34 | Q12: So'm (kursga bog'liq) | R12: 10000 | S12: =IF(Q12="Dollar",R12*kurs_joriy,IF(Q12="So'm (kursga bog'liq)",R12*kurs_joriy/kurs_baza,R12)) -> 10000 | T12: =P12*S12 -> 340000 | U12: =T12/kurs_joriy -> 28.420965
A13: 9 | B13: Furnitura | C13: Ruchka (tutqich) | D13: dona | E13: =SUMIFS(Furnitura!$E$5:$E$400,Furnitura!$B$5:$B$400,E$4,Furnitura!$C$5:$C$400,$C13) -> 6 | F13: =SUMIFS(Furnitura!$E$5:$E$400,Furnitura!$B$5:$B$400,F$4,Furnitura!$C$5:$C$400,$C13) -> 0 | G13: =SUMIFS(Furnitura!$E$5:$E$400,Furnitura!$B$5:$B$400,G$4,Furnitura!$C$5:$C$400,$C13) -> 0 | H13: =SUMIFS(Furnitura!$E$5:$E$400,Furnitura!$B$5:$B$400,H$4,Furnitura!$C$5:$C$400,$C13) -> 2 | I13: =SUMIFS(Furnitura!$E$5:$E$400,Furnitura!$B$5:$B$400,I$4,Furnitura!$C$5:$C$400,$C13) -> 5 | J13: =SUMIFS(Furnitura!$E$5:$E$400,Furnitura!$B$5:$B$400,J$4,Furnitura!$C$5:$C$400,$C13) -> 4 | K13: =SUMIFS(Furnitura!$E$5:$E$400,Furnitura!$B$5:$B$400,K$4,Furnitura!$C$5:$C$400,$C13) -> 0 | L13: =SUMIFS(Furnitura!$E$5:$E$400,Furnitura!$B$5:$B$400,L$4,Furnitura!$C$5:$C$400,$C13) -> 0 | M13: =SUMIFS(Furnitura!$E$5:$E$400,Furnitura!$B$5:$B$400,M$4,Furnitura!$C$5:$C$400,$C13) -> 0 | N13: =SUM(E13:M13) -> 17 | O13: 0 | P13: =N13*(1+O13) -> 17 | Q13: So'm (kursga bog'liq) | R13: 50000 | S13: =IF(Q13="Dollar",R13*kurs_joriy,IF(Q13="So'm (kursga bog'liq)",R13*kurs_joriy/kurs_baza,R13)) -> 50000 | T13: =P13*S13 -> 850000 | U13: =T13/kurs_joriy -> 71.052412
A14: 10 | B14: Furnitura | C14: ="Yashik napravlyayushiysi — Tumbochka ("&tumba_naprav&" mm)" -> Yashik napravlyayushiysi — Tumbochka (350 mm) | D14: juft | E14: =SUMIFS(Furnitura!$E$5:$E$400,Furnitura!$B$5:$B$400,E$4,Furnitura!$C$5:$C$400,$C14) -> 0 | F14: =SUMIFS(Furnitura!$E$5:$E$400,Furnitura!$B$5:$B$400,F$4,Furnitura!$C$5:$C$400,$C14) -> 0 | G14: =SUMIFS(Furnitura!$E$5:$E$400,Furnitura!$B$5:$B$400,G$4,Furnitura!$C$5:$C$400,$C14) -> 0 | H14: =SUMIFS(Furnitura!$E$5:$E$400,Furnitura!$B$5:$B$400,H$4,Furnitura!$C$5:$C$400,$C14) -> 2 | I14: =SUMIFS(Furnitura!$E$5:$E$400,Furnitura!$B$5:$B$400,I$4,Furnitura!$C$5:$C$400,$C14) -> 0 | J14: =SUMIFS(Furnitura!$E$5:$E$400,Furnitura!$B$5:$B$400,J$4,Furnitura!$C$5:$C$400,$C14) -> 0 | K14: =SUMIFS(Furnitura!$E$5:$E$400,Furnitura!$B$5:$B$400,K$4,Furnitura!$C$5:$C$400,$C14) -> 0 | L14: =SUMIFS(Furnitura!$E$5:$E$400,Furnitura!$B$5:$B$400,L$4,Furnitura!$C$5:$C$400,$C14) -> 0 | M14: =SUMIFS(Furnitura!$E$5:$E$400,Furnitura!$B$5:$B$400,M$4,Furnitura!$C$5:$C$400,$C14) -> 0 | N14: =SUM(E14:M14) -> 2 | O14: 0 | P14: =N14*(1+O14) -> 2 | Q14: So'm (kursga bog'liq) | R14: 100000 | S14: =IF(Q14="Dollar",R14*kurs_joriy,IF(Q14="So'm (kursga bog'liq)",R14*kurs_joriy/kurs_baza,R14)) -> 100000 | T14: =P14*S14 -> 200000 | U14: =T14/kurs_joriy -> 16.718214 | V14: Sizning izohingiz: Salaska oddiy bo'lsa 35 000
A15: 11 | B15: Furnitura | C15: ="Yashik napravlyayushiysi — Trimo ("&trimo_naprav&" mm)" -> Yashik napravlyayushiysi — Trimo (400 mm) | D15: juft | E15: =SUMIFS(Furnitura!$E$5:$E$400,Furnitura!$B$5:$B$400,E$4,Furnitura!$C$5:$C$400,$C15) -> 0 | F15: =SUMIFS(Furnitura!$E$5:$E$400,Furnitura!$B$5:$B$400,F$4,Furnitura!$C$5:$C$400,$C15) -> 0 | G15: =SUMIFS(Furnitura!$E$5:$E$400,Furnitura!$B$5:$B$400,G$4,Furnitura!$C$5:$C$400,$C15) -> 0 | H15: =SUMIFS(Furnitura!$E$5:$E$400,Furnitura!$B$5:$B$400,H$4,Furnitura!$C$5:$C$400,$C15) -> 0 | I15: =SUMIFS(Furnitura!$E$5:$E$400,Furnitura!$B$5:$B$400,I$4,Furnitura!$C$5:$C$400,$C15) -> 3 | J15: =SUMIFS(Furnitura!$E$5:$E$400,Furnitura!$B$5:$B$400,J$4,Furnitura!$C$5:$C$400,$C15) -> 0 | K15: =SUMIFS(Furnitura!$E$5:$E$400,Furnitura!$B$5:$B$400,K$4,Furnitura!$C$5:$C$400,$C15) -> 0 | L15: =SUMIFS(Furnitura!$E$5:$E$400,Furnitura!$B$5:$B$400,L$4,Furnitura!$C$5:$C$400,$C15) -> 0 | M15: =SUMIFS(Furnitura!$E$5:$E$400,Furnitura!$B$5:$B$400,M$4,Furnitura!$C$5:$C$400,$C15) -> 0 | N15: =SUM(E15:M15) -> 3 | O15: 0 | P15: =N15*(1+O15) -> 3 | Q15: So'm (kursga bog'liq) | R15: 110000 | S15: =IF(Q15="Dollar",R15*kurs_joriy,IF(Q15="So'm (kursga bog'liq)",R15*kurs_joriy/kurs_baza,R15)) -> 110000 | T15: =P15*S15 -> 330000 | U15: =T15/kurs_joriy -> 27.585054 | V15: Sizning izohingiz: Salaska oddiy bo'lsa 45 000
A16: 12 | B16: Furnitura | C16: ="Yashik napravlyayushiysi — Chester ("&chest_naprav&" mm)" -> Yashik napravlyayushiysi — Chester (450 mm) | D16: juft | E16: =SUMIFS(Furnitura!$E$5:$E$400,Furnitura!$B$5:$B$400,E$4,Furnitura!$C$5:$C$400,$C16) -> 0 | F16: =SUMIFS(Furnitura!$E$5:$E$400,Furnitura!$B$5:$B$400,F$4,Furnitura!$C$5:$C$400,$C16) -> 0 | G16: =SUMIFS(Furnitura!$E$5:$E$400,Furnitura!$B$5:$B$400,G$4,Furnitura!$C$5:$C$400,$C16) -> 0 | H16: =SUMIFS(Furnitura!$E$5:$E$400,Furnitura!$B$5:$B$400,H$4,Furnitura!$C$5:$C$400,$C16) -> 0 | I16: =SUMIFS(Furnitura!$E$5:$E$400,Furnitura!$B$5:$B$400,I$4,Furnitura!$C$5:$C$400,$C16) -> 0 | J16: =SUMIFS(Furnitura!$E$5:$E$400,Furnitura!$B$5:$B$400,J$4,Furnitura!$C$5:$C$400,$C16) -> 4 | K16: =SUMIFS(Furnitura!$E$5:$E$400,Furnitura!$B$5:$B$400,K$4,Furnitura!$C$5:$C$400,$C16) -> 0 | L16: =SUMIFS(Furnitura!$E$5:$E$400,Furnitura!$B$5:$B$400,L$4,Furnitura!$C$5:$C$400,$C16) -> 0 | M16: =SUMIFS(Furnitura!$E$5:$E$400,Furnitura!$B$5:$B$400,M$4,Furnitura!$C$5:$C$400,$C16) -> 0 | N16: =SUM(E16:M16) -> 4 | O16: 0 | P16: =N16*(1+O16) -> 4 | Q16: So'm (kursga bog'liq) | R16: 120000 | S16: =IF(Q16="Dollar",R16*kurs_joriy,IF(Q16="So'm (kursga bog'liq)",R16*kurs_joriy/kurs_baza,R16)) -> 120000 | T16: =P16*S16 -> 480000 | U16: =T16/kurs_joriy -> 40.123715 | V16: Sizning izohingiz: Salaska oddiy bo'lsa 50 000
A17: 13 | B17: Furnitura | C17: Shtanga (kiyim ilgich trubasi) | D17: m | E17: =SUMIFS(Furnitura!$E$5:$E$400,Furnitura!$B$5:$B$400,E$4,Furnitura!$C$5:$C$400,$C17) -> 1.556 | F17: =SUMIFS(Furnitura!$E$5:$E$400,Furnitura!$B$5:$B$400,F$4,Furnitura!$C$5:$C$400,$C17) -> 0 | G17: =SUMIFS(Furnitura!$E$5:$E$400,Furnitura!$B$5:$B$400,G$4,Furnitura!$C$5:$C$400,$C17) -> 0 | H17: =SUMIFS(Furnitura!$E$5:$E$400,Furnitura!$B$5:$B$400,H$4,Furnitura!$C$5:$C$400,$C17) -> 0 | I17: =SUMIFS(Furnitura!$E$5:$E$400,Furnitura!$B$5:$B$400,I$4,Furnitura!$C$5:$C$400,$C17) -> 0 | J17: =SUMIFS(Furnitura!$E$5:$E$400,Furnitura!$B$5:$B$400,J$4,Furnitura!$C$5:$C$400,$C17) -> 0 | K17: =SUMIFS(Furnitura!$E$5:$E$400,Furnitura!$B$5:$B$400,K$4,Furnitura!$C$5:$C$400,$C17) -> 0 | L17: =SUMIFS(Furnitura!$E$5:$E$400,Furnitura!$B$5:$B$400,L$4,Furnitura!$C$5:$C$400,$C17) -> 0 | M17: =SUMIFS(Furnitura!$E$5:$E$400,Furnitura!$B$5:$B$400,M$4,Furnitura!$C$5:$C$400,$C17) -> 0 | N17: =SUM(E17:M17) -> 1.556 | O17: 0 | P17: =N17*(1+O17) -> 1.556 | Q17: So'm (kursga bog'liq) | R17: 30000 | S17: =IF(Q17="Dollar",R17*kurs_joriy,IF(Q17="So'm (kursga bog'liq)",R17*kurs_joriy/kurs_baza,R17)) -> 30000 | T17: =P17*S17 -> 46680 | U17: =T17/kurs_joriy -> 3.9020313
A18: 14 | B18: Furnitura | C18: Shtanga derjateli | D18: dona | E18: =SUMIFS(Furnitura!$E$5:$E$400,Furnitura!$B$5:$B$400,E$4,Furnitura!$C$5:$C$400,$C18) -> 4 | F18: =SUMIFS(Furnitura!$E$5:$E$400,Furnitura!$B$5:$B$400,F$4,Furnitura!$C$5:$C$400,$C18) -> 0 | G18: =SUMIFS(Furnitura!$E$5:$E$400,Furnitura!$B$5:$B$400,G$4,Furnitura!$C$5:$C$400,$C18) -> 0 | H18: =SUMIFS(Furnitura!$E$5:$E$400,Furnitura!$B$5:$B$400,H$4,Furnitura!$C$5:$C$400,$C18) -> 0 | I18: =SUMIFS(Furnitura!$E$5:$E$400,Furnitura!$B$5:$B$400,I$4,Furnitura!$C$5:$C$400,$C18) -> 0 | J18: =SUMIFS(Furnitura!$E$5:$E$400,Furnitura!$B$5:$B$400,J$4,Furnitura!$C$5:$C$400,$C18) -> 0 | K18: =SUMIFS(Furnitura!$E$5:$E$400,Furnitura!$B$5:$B$400,K$4,Furnitura!$C$5:$C$400,$C18) -> 0 | L18: =SUMIFS(Furnitura!$E$5:$E$400,Furnitura!$B$5:$B$400,L$4,Furnitura!$C$5:$C$400,$C18) -> 0 | M18: =SUMIFS(Furnitura!$E$5:$E$400,Furnitura!$B$5:$B$400,M$4,Furnitura!$C$5:$C$400,$C18) -> 0 | N18: =SUM(E18:M18) -> 4 | O18: 0 | P18: =N18*(1+O18) -> 4 | Q18: So'm (kursga bog'liq) | R18: 10000 | S18: =IF(Q18="Dollar",R18*kurs_joriy,IF(Q18="So'm (kursga bog'liq)",R18*kurs_joriy/kurs_baza,R18)) -> 10000 | T18: =P18*S18 -> 40000 | U18: =T18/kurs_joriy -> 3.3436429
A19: 15 | B19: Furnitura | C19: Polka derjateli | D19: dona | E19: =SUMIFS(Furnitura!$E$5:$E$400,Furnitura!$B$5:$B$400,E$4,Furnitura!$C$5:$C$400,$C19) -> 16 | F19: =SUMIFS(Furnitura!$E$5:$E$400,Furnitura!$B$5:$B$400,F$4,Furnitura!$C$5:$C$400,$C19) -> 0 | G19: =SUMIFS(Furnitura!$E$5:$E$400,Furnitura!$B$5:$B$400,G$4,Furnitura!$C$5:$C$400,$C19) -> 0 | H19: =SUMIFS(Furnitura!$E$5:$E$400,Furnitura!$B$5:$B$400,H$4,Furnitura!$C$5:$C$400,$C19) -> 0 | I19: =SUMIFS(Furnitura!$E$5:$E$400,Furnitura!$B$5:$B$400,I$4,Furnitura!$C$5:$C$400,$C19) -> 8 | J19: =SUMIFS(Furnitura!$E$5:$E$400,Furnitura!$B$5:$B$400,J$4,Furnitura!$C$5:$C$400,$C19) -> 0 | K19: =SUMIFS(Furnitura!$E$5:$E$400,Furnitura!$B$5:$B$400,K$4,Furnitura!$C$5:$C$400,$C19) -> 0 | L19: =SUMIFS(Furnitura!$E$5:$E$400,Furnitura!$B$5:$B$400,L$4,Furnitura!$C$5:$C$400,$C19) -> 0 | M19: =SUMIFS(Furnitura!$E$5:$E$400,Furnitura!$B$5:$B$400,M$4,Furnitura!$C$5:$C$400,$C19) -> 0 | N19: =SUM(E19:M19) -> 24 | O19: 0 | P19: =N19*(1+O19) -> 24 | Q19: So'm (kursga bog'liq) | R19: 500 | S19: =IF(Q19="Dollar",R19*kurs_joriy,IF(Q19="So'm (kursga bog'liq)",R19*kurs_joriy/kurs_baza,R19)) -> 500 | T19: =P19*S19 -> 12000 | U19: =T19/kurs_joriy -> 1.0030929
A20: 16 | B20: Furnitura | C20: Konfirmat 7×50 | D20: dona | E20: =SUMIFS(Furnitura!$E$5:$E$400,Furnitura!$B$5:$B$400,E$4,Furnitura!$C$5:$C$400,$C20) -> 48 | F20: =SUMIFS(Furnitura!$E$5:$E$400,Furnitura!$B$5:$B$400,F$4,Furnitura!$C$5:$C$400,$C20) -> 8 | G20: =SUMIFS(Furnitura!$E$5:$E$400,Furnitura!$B$5:$B$400,G$4,Furnitura!$C$5:$C$400,$C20) -> 0 | H20: =SUMIFS(Furnitura!$E$5:$E$400,Furnitura!$B$5:$B$400,H$4,Furnitura!$C$5:$C$400,$C20) -> 20 | I20: =SUMIFS(Furnitura!$E$5:$E$400,Furnitura!$B$5:$B$400,I$4,Furnitura!$C$5:$C$400,$C20) -> 32 | J20: =SUMIFS(Furnitura!$E$5:$E$400,Furnitura!$B$5:$B$400,J$4,Furnitura!$C$5:$C$400,$C20) -> 28 | K20: =SUMIFS(Furnitura!$E$5:$E$400,Furnitura!$B$5:$B$400,K$4,Furnitura!$C$5:$C$400,$C20) -> 8 | L20: =SUMIFS(Furnitura!$E$5:$E$400,Furnitura!$B$5:$B$400,L$4,Furnitura!$C$5:$C$400,$C20) -> 6 | M20: =SUMIFS(Furnitura!$E$5:$E$400,Furnitura!$B$5:$B$400,M$4,Furnitura!$C$5:$C$400,$C20) -> 0 | N20: =SUM(E20:M20) -> 150 | O20: 0 | P20: =N20*(1+O20) -> 150 | Q20: So'm (kursga bog'liq) | R20: 2000 | S20: =IF(Q20="Dollar",R20*kurs_joriy,IF(Q20="So'm (kursga bog'liq)",R20*kurs_joriy/kurs_baza,R20)) -> 2000 | T20: =P20*S20 -> 300000 | U20: =T20/kurs_joriy -> 25.077322 | V20: Sizning izohingiz: x sentrik
A21: 17 | B21: Furnitura | C21: Konfirmat zaglushkasi | D21: dona | E21: =SUMIFS(Furnitura!$E$5:$E$400,Furnitura!$B$5:$B$400,E$4,Furnitura!$C$5:$C$400,$C21) -> 48 | F21: =SUMIFS(Furnitura!$E$5:$E$400,Furnitura!$B$5:$B$400,F$4,Furnitura!$C$5:$C$400,$C21) -> 0 | G21: =SUMIFS(Furnitura!$E$5:$E$400,Furnitura!$B$5:$B$400,G$4,Furnitura!$C$5:$C$400,$C21) -> 0 | H21: =SUMIFS(Furnitura!$E$5:$E$400,Furnitura!$B$5:$B$400,H$4,Furnitura!$C$5:$C$400,$C21) -> 12 | I21: =SUMIFS(Furnitura!$E$5:$E$400,Furnitura!$B$5:$B$400,I$4,Furnitura!$C$5:$C$400,$C21) -> 20 | J21: =SUMIFS(Furnitura!$E$5:$E$400,Furnitura!$B$5:$B$400,J$4,Furnitura!$C$5:$C$400,$C21) -> 12 | K21: =SUMIFS(Furnitura!$E$5:$E$400,Furnitura!$B$5:$B$400,K$4,Furnitura!$C$5:$C$400,$C21) -> 0 | L21: =SUMIFS(Furnitura!$E$5:$E$400,Furnitura!$B$5:$B$400,L$4,Furnitura!$C$5:$C$400,$C21) -> 0 | M21: =SUMIFS(Furnitura!$E$5:$E$400,Furnitura!$B$5:$B$400,M$4,Furnitura!$C$5:$C$400,$C21) -> 0 | N21: =SUM(E21:M21) -> 92 | O21: 0 | P21: =N21*(1+O21) -> 92 | Q21: So'm (kursga bog'liq) | R21: 2000 | S21: =IF(Q21="Dollar",R21*kurs_joriy,IF(Q21="So'm (kursga bog'liq)",R21*kurs_joriy/kurs_baza,R21)) -> 2000 | T21: =P21*S21 -> 184000 | U21: =T21/kurs_joriy -> 15.380757 | V21: Sizning izohingiz: x sentrik
A22: 18 | B22: Furnitura | C22: Shurup 3.5×16 | D22: dona | E22: =SUMIFS(Furnitura!$E$5:$E$400,Furnitura!$B$5:$B$400,E$4,Furnitura!$C$5:$C$400,$C22) -> 132 | F22: =SUMIFS(Furnitura!$E$5:$E$400,Furnitura!$B$5:$B$400,F$4,Furnitura!$C$5:$C$400,$C22) -> 0 | G22: =SUMIFS(Furnitura!$E$5:$E$400,Furnitura!$B$5:$B$400,G$4,Furnitura!$C$5:$C$400,$C22) -> 0 | H22: =SUMIFS(Furnitura!$E$5:$E$400,Furnitura!$B$5:$B$400,H$4,Furnitura!$C$5:$C$400,$C22) -> 32 | I22: =SUMIFS(Furnitura!$E$5:$E$400,Furnitura!$B$5:$B$400,I$4,Furnitura!$C$5:$C$400,$C22) -> 64 | J22: =SUMIFS(Furnitura!$E$5:$E$400,Furnitura!$B$5:$B$400,J$4,Furnitura!$C$5:$C$400,$C22) -> 64 | K22: =SUMIFS(Furnitura!$E$5:$E$400,Furnitura!$B$5:$B$400,K$4,Furnitura!$C$5:$C$400,$C22) -> 0 | L22: =SUMIFS(Furnitura!$E$5:$E$400,Furnitura!$B$5:$B$400,L$4,Furnitura!$C$5:$C$400,$C22) -> 0 | M22: =SUMIFS(Furnitura!$E$5:$E$400,Furnitura!$B$5:$B$400,M$4,Furnitura!$C$5:$C$400,$C22) -> 0 | N22: =SUM(E22:M22) -> 292 | O22: 0 | P22: =N22*(1+O22) -> 292 | Q22: So'm (kursga bog'liq) | R22: 80 | S22: =IF(Q22="Dollar",R22*kurs_joriy,IF(Q22="So'm (kursga bog'liq)",R22*kurs_joriy/kurs_baza,R22)) -> 80 | T22: =P22*S22 -> 23360 | U22: =T22/kurs_joriy -> 1.9526875 | V22: Sizning izohingiz: 1kg 30 000 / 1,6 - 35 000
A23: 19 | B23: Furnitura | C23: Shurup 4×30 | D23: dona | E23: =SUMIFS(Furnitura!$E$5:$E$400,Furnitura!$B$5:$B$400,E$4,Furnitura!$C$5:$C$400,$C23) -> 0 | F23: =SUMIFS(Furnitura!$E$5:$E$400,Furnitura!$B$5:$B$400,F$4,Furnitura!$C$5:$C$400,$C23) -> 42 | G23: =SUMIFS(Furnitura!$E$5:$E$400,Furnitura!$B$5:$B$400,G$4,Furnitura!$C$5:$C$400,$C23) -> 0 | H23: =SUMIFS(Furnitura!$E$5:$E$400,Furnitura!$B$5:$B$400,H$4,Furnitura!$C$5:$C$400,$C23) -> 0 | I23: =SUMIFS(Furnitura!$E$5:$E$400,Furnitura!$B$5:$B$400,I$4,Furnitura!$C$5:$C$400,$C23) -> 0 | J23: =SUMIFS(Furnitura!$E$5:$E$400,Furnitura!$B$5:$B$400,J$4,Furnitura!$C$5:$C$400,$C23) -> 0 | K23: =SUMIFS(Furnitura!$E$5:$E$400,Furnitura!$B$5:$B$400,K$4,Furnitura!$C$5:$C$400,$C23) -> 0 | L23: =SUMIFS(Furnitura!$E$5:$E$400,Furnitura!$B$5:$B$400,L$4,Furnitura!$C$5:$C$400,$C23) -> 0 | M23: =SUMIFS(Furnitura!$E$5:$E$400,Furnitura!$B$5:$B$400,M$4,Furnitura!$C$5:$C$400,$C23) -> 0 | N23: =SUM(E23:M23) -> 42 | O23: 0 | P23: =N23*(1+O23) -> 42 | Q23: So'm (kursga bog'liq) | R23: 100 | S23: =IF(Q23="Dollar",R23*kurs_joriy,IF(Q23="So'm (kursga bog'liq)",R23*kurs_joriy/kurs_baza,R23)) -> 100 | T23: =P23*S23 -> 4200 | U23: =T23/kurs_joriy -> 0.3510825 | V23: Sizning izohingiz: 1kg 35 000
A24: 20 | B24: Furnitura | C24: DVP mixi / skobasi | D24: dona | E24: =SUMIFS(Furnitura!$E$5:$E$400,Furnitura!$B$5:$B$400,E$4,Furnitura!$C$5:$C$400,$C24) -> 180 | F24: =SUMIFS(Furnitura!$E$5:$E$400,Furnitura!$B$5:$B$400,F$4,Furnitura!$C$5:$C$400,$C24) -> 0 | G24: =SUMIFS(Furnitura!$E$5:$E$400,Furnitura!$B$5:$B$400,G$4,Furnitura!$C$5:$C$400,$C24) -> 0 | H24: =SUMIFS(Furnitura!$E$5:$E$400,Furnitura!$B$5:$B$400,H$4,Furnitura!$C$5:$C$400,$C24) -> 54 | I24: =SUMIFS(Furnitura!$E$5:$E$400,Furnitura!$B$5:$B$400,I$4,Furnitura!$C$5:$C$400,$C24) -> 102 | J24: =SUMIFS(Furnitura!$E$5:$E$400,Furnitura!$B$5:$B$400,J$4,Furnitura!$C$5:$C$400,$C24) -> 131 | K24: =SUMIFS(Furnitura!$E$5:$E$400,Furnitura!$B$5:$B$400,K$4,Furnitura!$C$5:$C$400,$C24) -> 16 | L24: =SUMIFS(Furnitura!$E$5:$E$400,Furnitura!$B$5:$B$400,L$4,Furnitura!$C$5:$C$400,$C24) -> 0 | M24: =SUMIFS(Furnitura!$E$5:$E$400,Furnitura!$B$5:$B$400,M$4,Furnitura!$C$5:$C$400,$C24) -> 0 | N24: =SUM(E24:M24) -> 483 | O24: 0 | P24: =N24*(1+O24) -> 483 | Q24: So'm (kursga bog'liq) | R24: 40 | S24: =IF(Q24="Dollar",R24*kurs_joriy,IF(Q24="So'm (kursga bog'liq)",R24*kurs_joriy/kurs_baza,R24)) -> 40 | T24: =P24*S24 -> 19320 | U24: =T24/kurs_joriy -> 1.6149795 | V24: Sizning izohingiz: 1kg 20 000
A25: 21 | B25: Furnitura | C25: Krovat styajkasi (burchak birikmasi) | D25: komplekt | E25: =SUMIFS(Furnitura!$E$5:$E$400,Furnitura!$B$5:$B$400,E$4,Furnitura!$C$5:$C$400,$C25) -> 0 | F25: =SUMIFS(Furnitura!$E$5:$E$400,Furnitura!$B$5:$B$400,F$4,Furnitura!$C$5:$C$400,$C25) -> 4 | G25: =SUMIFS(Furnitura!$E$5:$E$400,Furnitura!$B$5:$B$400,G$4,Furnitura!$C$5:$C$400,$C25) -> 0 | H25: =SUMIFS(Furnitura!$E$5:$E$400,Furnitura!$B$5:$B$400,H$4,Furnitura!$C$5:$C$400,$C25) -> 0 | I25: =SUMIFS(Furnitura!$E$5:$E$400,Furnitura!$B$5:$B$400,I$4,Furnitura!$C$5:$C$400,$C25) -> 0 | J25: =SUMIFS(Furnitura!$E$5:$E$400,Furnitura!$B$5:$B$400,J$4,Furnitura!$C$5:$C$400,$C25) -> 0 | K25: =SUMIFS(Furnitura!$E$5:$E$400,Furnitura!$B$5:$B$400,K$4,Furnitura!$C$5:$C$400,$C25) -> 0 | L25: =SUMIFS(Furnitura!$E$5:$E$400,Furnitura!$B$5:$B$400,L$4,Furnitura!$C$5:$C$400,$C25) -> 0 | M25: =SUMIFS(Furnitura!$E$5:$E$400,Furnitura!$B$5:$B$400,M$4,Furnitura!$C$5:$C$400,$C25) -> 0 | N25: =SUM(E25:M25) -> 4 | O25: 0 | P25: =N25*(1+O25) -> 4 | Q25: So'm (kursga bog'liq) | R25: 1500 | S25: =IF(Q25="Dollar",R25*kurs_joriy,IF(Q25="So'm (kursga bog'liq)",R25*kurs_joriy/kurs_baza,R25)) -> 1500 | T25: =P25*S25 -> 6000 | U25: =T25/kurs_joriy -> 0.50154643
A26: 22 | B26: Furnitura | C26: Metall burchak | D26: dona | E26: =SUMIFS(Furnitura!$E$5:$E$400,Furnitura!$B$5:$B$400,E$4,Furnitura!$C$5:$C$400,$C26) -> 0 | F26: =SUMIFS(Furnitura!$E$5:$E$400,Furnitura!$B$5:$B$400,F$4,Furnitura!$C$5:$C$400,$C26) -> 4 | G26: =SUMIFS(Furnitura!$E$5:$E$400,Furnitura!$B$5:$B$400,G$4,Furnitura!$C$5:$C$400,$C26) -> 0 | H26: =SUMIFS(Furnitura!$E$5:$E$400,Furnitura!$B$5:$B$400,H$4,Furnitura!$C$5:$C$400,$C26) -> 0 | I26: =SUMIFS(Furnitura!$E$5:$E$400,Furnitura!$B$5:$B$400,I$4,Furnitura!$C$5:$C$400,$C26) -> 0 | J26: =SUMIFS(Furnitura!$E$5:$E$400,Furnitura!$B$5:$B$400,J$4,Furnitura!$C$5:$C$400,$C26) -> 0 | K26: =SUMIFS(Furnitura!$E$5:$E$400,Furnitura!$B$5:$B$400,K$4,Furnitura!$C$5:$C$400,$C26) -> 0 | L26: =SUMIFS(Furnitura!$E$5:$E$400,Furnitura!$B$5:$B$400,L$4,Furnitura!$C$5:$C$400,$C26) -> 0 | M26: =SUMIFS(Furnitura!$E$5:$E$400,Furnitura!$B$5:$B$400,M$4,Furnitura!$C$5:$C$400,$C26) -> 0 | N26: =SUM(E26:M26) -> 4 | O26: 0 | P26: =N26*(1+O26) -> 4 | Q26: So'm (kursga bog'liq) | R26: 500 | S26: =IF(Q26="Dollar",R26*kurs_joriy,IF(Q26="So'm (kursga bog'liq)",R26*kurs_joriy/kurs_baza,R26)) -> 500 | T26: =P26*S26 -> 2000 | U26: =T26/kurs_joriy -> 0.16718214
A27: 23 | B27: Furnitura | C27: Tayanch oyoqcha (regulyatorli) | D27: dona | E27: =SUMIFS(Furnitura!$E$5:$E$400,Furnitura!$B$5:$B$400,E$4,Furnitura!$C$5:$C$400,$C27) -> 0 | F27: =SUMIFS(Furnitura!$E$5:$E$400,Furnitura!$B$5:$B$400,F$4,Furnitura!$C$5:$C$400,$C27) -> 3 | G27: =SUMIFS(Furnitura!$E$5:$E$400,Furnitura!$B$5:$B$400,G$4,Furnitura!$C$5:$C$400,$C27) -> 0 | H27: =SUMIFS(Furnitura!$E$5:$E$400,Furnitura!$B$5:$B$400,H$4,Furnitura!$C$5:$C$400,$C27) -> 0 | I27: =SUMIFS(Furnitura!$E$5:$E$400,Furnitura!$B$5:$B$400,I$4,Furnitura!$C$5:$C$400,$C27) -> 0 | J27: =SUMIFS(Furnitura!$E$5:$E$400,Furnitura!$B$5:$B$400,J$4,Furnitura!$C$5:$C$400,$C27) -> 0 | K27: =SUMIFS(Furnitura!$E$5:$E$400,Furnitura!$B$5:$B$400,K$4,Furnitura!$C$5:$C$400,$C27) -> 0 | L27: =SUMIFS(Furnitura!$E$5:$E$400,Furnitura!$B$5:$B$400,L$4,Furnitura!$C$5:$C$400,$C27) -> 0 | M27: =SUMIFS(Furnitura!$E$5:$E$400,Furnitura!$B$5:$B$400,M$4,Furnitura!$C$5:$C$400,$C27) -> 0 | N27: =SUM(E27:M27) -> 3 | O27: 0 | P27: =N27*(1+O27) -> 3 | Q27: So'm (kursga bog'liq) | R27: 15000 | S27: =IF(Q27="Dollar",R27*kurs_joriy,IF(Q27="So'm (kursga bog'liq)",R27*kurs_joriy/kurs_baza,R27)) -> 15000 | T27: =P27*S27 -> 45000 | U27: =T27/kurs_joriy -> 3.7615983
A28: 24 | B28: Furnitura | C28: Yog'och brus 40×40 | D28: m | E28: =SUMIFS(Furnitura!$E$5:$E$400,Furnitura!$B$5:$B$400,E$4,Furnitura!$C$5:$C$400,$C28) -> 0 | F28: =SUMIFS(Furnitura!$E$5:$E$400,Furnitura!$B$5:$B$400,F$4,Furnitura!$C$5:$C$400,$C28) -> 4.336 | G28: =SUMIFS(Furnitura!$E$5:$E$400,Furnitura!$B$5:$B$400,G$4,Furnitura!$C$5:$C$400,$C28) -> 0 | H28: =SUMIFS(Furnitura!$E$5:$E$400,Furnitura!$B$5:$B$400,H$4,Furnitura!$C$5:$C$400,$C28) -> 0 | I28: =SUMIFS(Furnitura!$E$5:$E$400,Furnitura!$B$5:$B$400,I$4,Furnitura!$C$5:$C$400,$C28) -> 0 | J28: =SUMIFS(Furnitura!$E$5:$E$400,Furnitura!$B$5:$B$400,J$4,Furnitura!$C$5:$C$400,$C28) -> 0 | K28: =SUMIFS(Furnitura!$E$5:$E$400,Furnitura!$B$5:$B$400,K$4,Furnitura!$C$5:$C$400,$C28) -> 0 | L28: =SUMIFS(Furnitura!$E$5:$E$400,Furnitura!$B$5:$B$400,L$4,Furnitura!$C$5:$C$400,$C28) -> 0 | M28: =SUMIFS(Furnitura!$E$5:$E$400,Furnitura!$B$5:$B$400,M$4,Furnitura!$C$5:$C$400,$C28) -> 0 | N28: =SUM(E28:M28) -> 4.336 | O28: 0 | P28: =N28*(1+O28) -> 4.336 | Q28: So'm (kursga bog'liq) | R28: 100000 | S28: =IF(Q28="Dollar",R28*kurs_joriy,IF(Q28="So'm (kursga bog'liq)",R28*kurs_joriy/kurs_baza,R28)) -> 100000 | T28: =P28*S28 -> 433600 | U28: =T28/kurs_joriy -> 36.245089
A29: 25 | B29: Furnitura | C29: Kapot ko'tarish mexanizmi (nasos) | D29: komplekt | E29: =SUMIFS(Furnitura!$E$5:$E$400,Furnitura!$B$5:$B$400,E$4,Furnitura!$C$5:$C$400,$C29) -> 0 | F29: =SUMIFS(Furnitura!$E$5:$E$400,Furnitura!$B$5:$B$400,F$4,Furnitura!$C$5:$C$400,$C29) -> 0 | G29: =SUMIFS(Furnitura!$E$5:$E$400,Furnitura!$B$5:$B$400,G$4,Furnitura!$C$5:$C$400,$C29) -> 0 | H29: =SUMIFS(Furnitura!$E$5:$E$400,Furnitura!$B$5:$B$400,H$4,Furnitura!$C$5:$C$400,$C29) -> 0 | I29: =SUMIFS(Furnitura!$E$5:$E$400,Furnitura!$B$5:$B$400,I$4,Furnitura!$C$5:$C$400,$C29) -> 0 | J29: =SUMIFS(Furnitura!$E$5:$E$400,Furnitura!$B$5:$B$400,J$4,Furnitura!$C$5:$C$400,$C29) -> 0 | K29: =SUMIFS(Furnitura!$E$5:$E$400,Furnitura!$B$5:$B$400,K$4,Furnitura!$C$5:$C$400,$C29) -> 0 | L29: =SUMIFS(Furnitura!$E$5:$E$400,Furnitura!$B$5:$B$400,L$4,Furnitura!$C$5:$C$400,$C29) -> 0 | M29: =SUMIFS(Furnitura!$E$5:$E$400,Furnitura!$B$5:$B$400,M$4,Furnitura!$C$5:$C$400,$C29) -> 0 | N29: =SUM(E29:M29) -> 0 | O29: 0 | P29: =N29*(1+O29) -> 0 | Q29: So'm (kursga bog'liq) | S29: =IF(Q29="Dollar",R29*kurs_joriy,IF(Q29="So'm (kursga bog'liq)",R29*kurs_joriy/kurs_baza,R29)) -> 0 | T29: =P29*S29 -> 0 | U29: =T29/kurs_joriy -> 0
A30: 26 | B30: Pufik | C30: Porolon 50 mm | D30: m² | E30: =SUMIFS(Furnitura!$E$5:$E$400,Furnitura!$B$5:$B$400,E$4,Furnitura!$C$5:$C$400,$C30) -> 0 | F30: =SUMIFS(Furnitura!$E$5:$E$400,Furnitura!$B$5:$B$400,F$4,Furnitura!$C$5:$C$400,$C30) -> 0 | G30: =SUMIFS(Furnitura!$E$5:$E$400,Furnitura!$B$5:$B$400,G$4,Furnitura!$C$5:$C$400,$C30) -> 0 | H30: =SUMIFS(Furnitura!$E$5:$E$400,Furnitura!$B$5:$B$400,H$4,Furnitura!$C$5:$C$400,$C30) -> 0 | I30: =SUMIFS(Furnitura!$E$5:$E$400,Furnitura!$B$5:$B$400,I$4,Furnitura!$C$5:$C$400,$C30) -> 0 | J30: =SUMIFS(Furnitura!$E$5:$E$400,Furnitura!$B$5:$B$400,J$4,Furnitura!$C$5:$C$400,$C30) -> 0 | K30: =SUMIFS(Furnitura!$E$5:$E$400,Furnitura!$B$5:$B$400,K$4,Furnitura!$C$5:$C$400,$C30) -> 0.16 | L30: =SUMIFS(Furnitura!$E$5:$E$400,Furnitura!$B$5:$B$400,L$4,Furnitura!$C$5:$C$400,$C30) -> 0 | M30: =SUMIFS(Furnitura!$E$5:$E$400,Furnitura!$B$5:$B$400,M$4,Furnitura!$C$5:$C$400,$C30) -> 0 | N30: =SUM(E30:M30) -> 0.16 | O30: 0.1 | P30: =N30*(1+O30) -> 0.176 | Q30: So'm (kursga bog'liq) | R30: 0 | S30: =IF(Q30="Dollar",R30*kurs_joriy,IF(Q30="So'm (kursga bog'liq)",R30*kurs_joriy/kurs_baza,R30)) -> 0 | T30: =P30*S30 -> 0 | U30: =T30/kurs_joriy -> 0
A31: 27 | B31: Pufik | C31: Porolon 10 mm | D31: m² | E31: =SUMIFS(Furnitura!$E$5:$E$400,Furnitura!$B$5:$B$400,E$4,Furnitura!$C$5:$C$400,$C31) -> 0 | F31: =SUMIFS(Furnitura!$E$5:$E$400,Furnitura!$B$5:$B$400,F$4,Furnitura!$C$5:$C$400,$C31) -> 0 | G31: =SUMIFS(Furnitura!$E$5:$E$400,Furnitura!$B$5:$B$400,G$4,Furnitura!$C$5:$C$400,$C31) -> 0 | H31: =SUMIFS(Furnitura!$E$5:$E$400,Furnitura!$B$5:$B$400,H$4,Furnitura!$C$5:$C$400,$C31) -> 0 | I31: =SUMIFS(Furnitura!$E$5:$E$400,Furnitura!$B$5:$B$400,I$4,Furnitura!$C$5:$C$400,$C31) -> 0 | J31: =SUMIFS(Furnitura!$E$5:$E$400,Furnitura!$B$5:$B$400,J$4,Furnitura!$C$5:$C$400,$C31) -> 0 | K31: =SUMIFS(Furnitura!$E$5:$E$400,Furnitura!$B$5:$B$400,K$4,Furnitura!$C$5:$C$400,$C31) -> 0.56 | L31: =SUMIFS(Furnitura!$E$5:$E$400,Furnitura!$B$5:$B$400,L$4,Furnitura!$C$5:$C$400,$C31) -> 0 | M31: =SUMIFS(Furnitura!$E$5:$E$400,Furnitura!$B$5:$B$400,M$4,Furnitura!$C$5:$C$400,$C31) -> 0 | N31: =SUM(E31:M31) -> 0.56 | O31: 0.1 | P31: =N31*(1+O31) -> 0.616 | Q31: So'm (kursga bog'liq) | R31: 50000 | S31: =IF(Q31="Dollar",R31*kurs_joriy,IF(Q31="So'm (kursga bog'liq)",R31*kurs_joriy/kurs_baza,R31)) -> 50000 | T31: =P31*S31 -> 30800 | U31: =T31/kurs_joriy -> 2.574605
A32: 28 | B32: Pufik | C32: Mebel matosi | D32: m² | E32: =SUMIFS(Furnitura!$E$5:$E$400,Furnitura!$B$5:$B$400,E$4,Furnitura!$C$5:$C$400,$C32) -> 0 | F32: =SUMIFS(Furnitura!$E$5:$E$400,Furnitura!$B$5:$B$400,F$4,Furnitura!$C$5:$C$400,$C32) -> 0 | G32: =SUMIFS(Furnitura!$E$5:$E$400,Furnitura!$B$5:$B$400,G$4,Furnitura!$C$5:$C$400,$C32) -> 0 | H32: =SUMIFS(Furnitura!$E$5:$E$400,Furnitura!$B$5:$B$400,H$4,Furnitura!$C$5:$C$400,$C32) -> 0 | I32: =SUMIFS(Furnitura!$E$5:$E$400,Furnitura!$B$5:$B$400,I$4,Furnitura!$C$5:$C$400,$C32) -> 0 | J32: =SUMIFS(Furnitura!$E$5:$E$400,Furnitura!$B$5:$B$400,J$4,Furnitura!$C$5:$C$400,$C32) -> 0 | K32: =SUMIFS(Furnitura!$E$5:$E$400,Furnitura!$B$5:$B$400,K$4,Furnitura!$C$5:$C$400,$C32) -> 1.058 | L32: =SUMIFS(Furnitura!$E$5:$E$400,Furnitura!$B$5:$B$400,L$4,Furnitura!$C$5:$C$400,$C32) -> 0 | M32: =SUMIFS(Furnitura!$E$5:$E$400,Furnitura!$B$5:$B$400,M$4,Furnitura!$C$5:$C$400,$C32) -> 0 | N32: =SUM(E32:M32) -> 1.058 | O32: 0.15 | P32: =N32*(1+O32) -> 1.2167 | Q32: So'm (kursga bog'liq) | R32: 40000 | S32: =IF(Q32="Dollar",R32*kurs_joriy,IF(Q32="So'm (kursga bog'liq)",R32*kurs_joriy/kurs_baza,R32)) -> 40000 | T32: =P32*S32 -> 48668 | U32: =T32/kurs_joriy -> 4.0682103
A33: 29 | B33: Pufik | C33: Pufik oyoqchasi | D33: dona | E33: =SUMIFS(Furnitura!$E$5:$E$400,Furnitura!$B$5:$B$400,E$4,Furnitura!$C$5:$C$400,$C33) -> 0 | F33: =SUMIFS(Furnitura!$E$5:$E$400,Furnitura!$B$5:$B$400,F$4,Furnitura!$C$5:$C$400,$C33) -> 0 | G33: =SUMIFS(Furnitura!$E$5:$E$400,Furnitura!$B$5:$B$400,G$4,Furnitura!$C$5:$C$400,$C33) -> 0 | H33: =SUMIFS(Furnitura!$E$5:$E$400,Furnitura!$B$5:$B$400,H$4,Furnitura!$C$5:$C$400,$C33) -> 0 | I33: =SUMIFS(Furnitura!$E$5:$E$400,Furnitura!$B$5:$B$400,I$4,Furnitura!$C$5:$C$400,$C33) -> 0 | J33: =SUMIFS(Furnitura!$E$5:$E$400,Furnitura!$B$5:$B$400,J$4,Furnitura!$C$5:$C$400,$C33) -> 0 | K33: =SUMIFS(Furnitura!$E$5:$E$400,Furnitura!$B$5:$B$400,K$4,Furnitura!$C$5:$C$400,$C33) -> 4 | L33: =SUMIFS(Furnitura!$E$5:$E$400,Furnitura!$B$5:$B$400,L$4,Furnitura!$C$5:$C$400,$C33) -> 0 | M33: =SUMIFS(Furnitura!$E$5:$E$400,Furnitura!$B$5:$B$400,M$4,Furnitura!$C$5:$C$400,$C33) -> 0 | N33: =SUM(E33:M33) -> 4 | O33: 0 | P33: =N33*(1+O33) -> 4 | Q33: So'm (kursga bog'liq) | R33: 1000 | S33: =IF(Q33="Dollar",R33*kurs_joriy,IF(Q33="So'm (kursga bog'liq)",R33*kurs_joriy/kurs_baza,R33)) -> 1000 | T33: =P33*S33 -> 4000 | U33: =T33/kurs_joriy -> 0.33436429
A34: 30 | B34: Pufik | C34: Stepler skobasi | D34: dona | E34: =SUMIFS(Furnitura!$E$5:$E$400,Furnitura!$B$5:$B$400,E$4,Furnitura!$C$5:$C$400,$C34) -> 0 | F34: =SUMIFS(Furnitura!$E$5:$E$400,Furnitura!$B$5:$B$400,F$4,Furnitura!$C$5:$C$400,$C34) -> 0 | G34: =SUMIFS(Furnitura!$E$5:$E$400,Furnitura!$B$5:$B$400,G$4,Furnitura!$C$5:$C$400,$C34) -> 0 | H34: =SUMIFS(Furnitura!$E$5:$E$400,Furnitura!$B$5:$B$400,H$4,Furnitura!$C$5:$C$400,$C34) -> 0 | I34: =SUMIFS(Furnitura!$E$5:$E$400,Furnitura!$B$5:$B$400,I$4,Furnitura!$C$5:$C$400,$C34) -> 0 | J34: =SUMIFS(Furnitura!$E$5:$E$400,Furnitura!$B$5:$B$400,J$4,Furnitura!$C$5:$C$400,$C34) -> 0 | K34: =SUMIFS(Furnitura!$E$5:$E$400,Furnitura!$B$5:$B$400,K$4,Furnitura!$C$5:$C$400,$C34) -> 150 | L34: =SUMIFS(Furnitura!$E$5:$E$400,Furnitura!$B$5:$B$400,L$4,Furnitura!$C$5:$C$400,$C34) -> 0 | M34: =SUMIFS(Furnitura!$E$5:$E$400,Furnitura!$B$5:$B$400,M$4,Furnitura!$C$5:$C$400,$C34) -> 0 | N34: =SUM(E34:M34) -> 150 | O34: 0 | P34: =N34*(1+O34) -> 150 | Q34: So'm (kursga bog'liq) | R34: 100 | S34: =IF(Q34="Dollar",R34*kurs_joriy,IF(Q34="So'm (kursga bog'liq)",R34*kurs_joriy/kurs_baza,R34)) -> 100 | T34: =P34*S34 -> 15000 | U34: =T34/kurs_joriy -> 1.2538661
A35: 31 | B35: Pufik | C35: Porolon kleyi | D35: litr | E35: =SUMIFS(Furnitura!$E$5:$E$400,Furnitura!$B$5:$B$400,E$4,Furnitura!$C$5:$C$400,$C35) -> 0 | F35: =SUMIFS(Furnitura!$E$5:$E$400,Furnitura!$B$5:$B$400,F$4,Furnitura!$C$5:$C$400,$C35) -> 0 | G35: =SUMIFS(Furnitura!$E$5:$E$400,Furnitura!$B$5:$B$400,G$4,Furnitura!$C$5:$C$400,$C35) -> 0 | H35: =SUMIFS(Furnitura!$E$5:$E$400,Furnitura!$B$5:$B$400,H$4,Furnitura!$C$5:$C$400,$C35) -> 0 | I35: =SUMIFS(Furnitura!$E$5:$E$400,Furnitura!$B$5:$B$400,I$4,Furnitura!$C$5:$C$400,$C35) -> 0 | J35: =SUMIFS(Furnitura!$E$5:$E$400,Furnitura!$B$5:$B$400,J$4,Furnitura!$C$5:$C$400,$C35) -> 0 | K35: =SUMIFS(Furnitura!$E$5:$E$400,Furnitura!$B$5:$B$400,K$4,Furnitura!$C$5:$C$400,$C35) -> 0.1 | L35: =SUMIFS(Furnitura!$E$5:$E$400,Furnitura!$B$5:$B$400,L$4,Furnitura!$C$5:$C$400,$C35) -> 0 | M35: =SUMIFS(Furnitura!$E$5:$E$400,Furnitura!$B$5:$B$400,M$4,Furnitura!$C$5:$C$400,$C35) -> 0 | N35: =SUM(E35:M35) -> 0.1 | O35: 0 | P35: =N35*(1+O35) -> 0.1 | Q35: So'm (kursga bog'liq) | R35: 25000 | S35: =IF(Q35="Dollar",R35*kurs_joriy,IF(Q35="So'm (kursga bog'liq)",R35*kurs_joriy/kurs_baza,R35)) -> 25000 | T35: =P35*S35 -> 2500 | U35: =T35/kurs_joriy -> 0.20897768
A36: 32 | B36: Oyna | C36: Oyna kleyi (germetik) | D36: tuba | E36: =SUMIFS(Furnitura!$E$5:$E$400,Furnitura!$B$5:$B$400,E$4,Furnitura!$C$5:$C$400,$C36) -> 1 | F36: =SUMIFS(Furnitura!$E$5:$E$400,Furnitura!$B$5:$B$400,F$4,Furnitura!$C$5:$C$400,$C36) -> 0 | G36: =SUMIFS(Furnitura!$E$5:$E$400,Furnitura!$B$5:$B$400,G$4,Furnitura!$C$5:$C$400,$C36) -> 0 | H36: =SUMIFS(Furnitura!$E$5:$E$400,Furnitura!$B$5:$B$400,H$4,Furnitura!$C$5:$C$400,$C36) -> 0 | I36: =SUMIFS(Furnitura!$E$5:$E$400,Furnitura!$B$5:$B$400,I$4,Furnitura!$C$5:$C$400,$C36) -> 0 | J36: =SUMIFS(Furnitura!$E$5:$E$400,Furnitura!$B$5:$B$400,J$4,Furnitura!$C$5:$C$400,$C36) -> 0 | K36: =SUMIFS(Furnitura!$E$5:$E$400,Furnitura!$B$5:$B$400,K$4,Furnitura!$C$5:$C$400,$C36) -> 0 | L36: =SUMIFS(Furnitura!$E$5:$E$400,Furnitura!$B$5:$B$400,L$4,Furnitura!$C$5:$C$400,$C36) -> 1 | M36: =SUMIFS(Furnitura!$E$5:$E$400,Furnitura!$B$5:$B$400,M$4,Furnitura!$C$5:$C$400,$C36) -> 0 | N36: =SUM(E36:M36) -> 2 | O36: 0 | P36: =N36*(1+O36) -> 2 | Q36: So'm (kursga bog'liq) | R36: 50000 | S36: =IF(Q36="Dollar",R36*kurs_joriy,IF(Q36="So'm (kursga bog'liq)",R36*kurs_joriy/kurs_baza,R36)) -> 50000 | T36: =P36*S36 -> 100000 | U36: =T36/kurs_joriy -> 8.3591072
A37: 33 | B37: Oyna | C37: Oyna ilgichi | D37: dona | E37: =SUMIFS(Furnitura!$E$5:$E$400,Furnitura!$B$5:$B$400,E$4,Furnitura!$C$5:$C$400,$C37) -> 0 | F37: =SUMIFS(Furnitura!$E$5:$E$400,Furnitura!$B$5:$B$400,F$4,Furnitura!$C$5:$C$400,$C37) -> 0 | G37: =SUMIFS(Furnitura!$E$5:$E$400,Furnitura!$B$5:$B$400,G$4,Furnitura!$C$5:$C$400,$C37) -> 0 | H37: =SUMIFS(Furnitura!$E$5:$E$400,Furnitura!$B$5:$B$400,H$4,Furnitura!$C$5:$C$400,$C37) -> 0 | I37: =SUMIFS(Furnitura!$E$5:$E$400,Furnitura!$B$5:$B$400,I$4,Furnitura!$C$5:$C$400,$C37) -> 0 | J37: =SUMIFS(Furnitura!$E$5:$E$400,Furnitura!$B$5:$B$400,J$4,Furnitura!$C$5:$C$400,$C37) -> 0 | K37: =SUMIFS(Furnitura!$E$5:$E$400,Furnitura!$B$5:$B$400,K$4,Furnitura!$C$5:$C$400,$C37) -> 0 | L37: =SUMIFS(Furnitura!$E$5:$E$400,Furnitura!$B$5:$B$400,L$4,Furnitura!$C$5:$C$400,$C37) -> 2 | M37: =SUMIFS(Furnitura!$E$5:$E$400,Furnitura!$B$5:$B$400,M$4,Furnitura!$C$5:$C$400,$C37) -> 0 | N37: =SUM(E37:M37) -> 2 | O37: 0 | P37: =N37*(1+O37) -> 2 | Q37: So'm (kursga bog'liq) | R37: 32000 | S37: =IF(Q37="Dollar",R37*kurs_joriy,IF(Q37="So'm (kursga bog'liq)",R37*kurs_joriy/kurs_baza,R37)) -> 32000 | T37: =P37*S37 -> 64000 | U37: =T37/kurs_joriy -> 5.3498286
A38: 34 | B38: Tayyor mahsulot | C38: Matras (tayyor) | D38: dona | E38: =SUMIFS(Furnitura!$E$5:$E$400,Furnitura!$B$5:$B$400,E$4,Furnitura!$C$5:$C$400,$C38) -> 0 | F38: =SUMIFS(Furnitura!$E$5:$E$400,Furnitura!$B$5:$B$400,F$4,Furnitura!$C$5:$C$400,$C38) -> 0 | G38: =SUMIFS(Furnitura!$E$5:$E$400,Furnitura!$B$5:$B$400,G$4,Furnitura!$C$5:$C$400,$C38) -> 1 | H38: =SUMIFS(Furnitura!$E$5:$E$400,Furnitura!$B$5:$B$400,H$4,Furnitura!$C$5:$C$400,$C38) -> 0 | I38: =SUMIFS(Furnitura!$E$5:$E$400,Furnitura!$B$5:$B$400,I$4,Furnitura!$C$5:$C$400,$C38) -> 0 | J38: =SUMIFS(Furnitura!$E$5:$E$400,Furnitura!$B$5:$B$400,J$4,Furnitura!$C$5:$C$400,$C38) -> 0 | K38: =SUMIFS(Furnitura!$E$5:$E$400,Furnitura!$B$5:$B$400,K$4,Furnitura!$C$5:$C$400,$C38) -> 0 | L38: =SUMIFS(Furnitura!$E$5:$E$400,Furnitura!$B$5:$B$400,L$4,Furnitura!$C$5:$C$400,$C38) -> 0 | M38: =SUMIFS(Furnitura!$E$5:$E$400,Furnitura!$B$5:$B$400,M$4,Furnitura!$C$5:$C$400,$C38) -> 0 | N38: =SUM(E38:M38) -> 1 | O38: 0 | P38: =N38*(1+O38) -> 1 | Q38: So'm (qat'iy) | R38: =IFERROR(INDEX(Sozlamalar!$C$21:$C$24,MATCH(p_matras,Sozlamalar!$E$21:$E$24,0)),0) -> 1200000 | S38: =IF(Q38="Dollar",R38*kurs_joriy,IF(Q38="So'm (kursga bog'liq)",R38*kurs_joriy/kurs_baza,R38)) -> 1200000 | T38: =P38*S38 -> 1200000 | U38: =T38/kurs_joriy -> 100.30929 | V38: Narxi Sozlamalar → 3. Matras narxlari dan olinadi
A39: 35 | B39: Qadoqlash | C39: Gofrokarton | D39: m² | E39: =SUMIFS(Furnitura!$E$5:$E$400,Furnitura!$B$5:$B$400,E$4,Furnitura!$C$5:$C$400,$C39) -> 0 | F39: =SUMIFS(Furnitura!$E$5:$E$400,Furnitura!$B$5:$B$400,F$4,Furnitura!$C$5:$C$400,$C39) -> 0 | G39: =SUMIFS(Furnitura!$E$5:$E$400,Furnitura!$B$5:$B$400,G$4,Furnitura!$C$5:$C$400,$C39) -> 0 | H39: =SUMIFS(Furnitura!$E$5:$E$400,Furnitura!$B$5:$B$400,H$4,Furnitura!$C$5:$C$400,$C39) -> 0 | I39: =SUMIFS(Furnitura!$E$5:$E$400,Furnitura!$B$5:$B$400,I$4,Furnitura!$C$5:$C$400,$C39) -> 0 | J39: =SUMIFS(Furnitura!$E$5:$E$400,Furnitura!$B$5:$B$400,J$4,Furnitura!$C$5:$C$400,$C39) -> 0 | K39: =SUMIFS(Furnitura!$E$5:$E$400,Furnitura!$B$5:$B$400,K$4,Furnitura!$C$5:$C$400,$C39) -> 0 | L39: =SUMIFS(Furnitura!$E$5:$E$400,Furnitura!$B$5:$B$400,L$4,Furnitura!$C$5:$C$400,$C39) -> 0 | M39: =SUMIFS(Furnitura!$E$5:$E$400,Furnitura!$B$5:$B$400,M$4,Furnitura!$C$5:$C$400,$C39) -> 19.5 | N39: =SUM(E39:M39) -> 19.5 | O39: 0 | P39: =N39*(1+O39) -> 19.5 | Q39: So'm (qat'iy) | R39: 10000 | S39: =IF(Q39="Dollar",R39*kurs_joriy,IF(Q39="So'm (kursga bog'liq)",R39*kurs_joriy/kurs_baza,R39)) -> 10000 | T39: =P39*S39 -> 195000 | U39: =T39/kurs_joriy -> 16.300259 | V39: Butun buyurtma uchun; miqdori taxmin
A40: 36 | B40: Qadoqlash | C40: Strech-plyonka | D40: rulon | E40: =SUMIFS(Furnitura!$E$5:$E$400,Furnitura!$B$5:$B$400,E$4,Furnitura!$C$5:$C$400,$C40) -> 0 | F40: =SUMIFS(Furnitura!$E$5:$E$400,Furnitura!$B$5:$B$400,F$4,Furnitura!$C$5:$C$400,$C40) -> 0 | G40: =SUMIFS(Furnitura!$E$5:$E$400,Furnitura!$B$5:$B$400,G$4,Furnitura!$C$5:$C$400,$C40) -> 0 | H40: =SUMIFS(Furnitura!$E$5:$E$400,Furnitura!$B$5:$B$400,H$4,Furnitura!$C$5:$C$400,$C40) -> 0 | I40: =SUMIFS(Furnitura!$E$5:$E$400,Furnitura!$B$5:$B$400,I$4,Furnitura!$C$5:$C$400,$C40) -> 0 | J40: =SUMIFS(Furnitura!$E$5:$E$400,Furnitura!$B$5:$B$400,J$4,Furnitura!$C$5:$C$400,$C40) -> 0 | K40: =SUMIFS(Furnitura!$E$5:$E$400,Furnitura!$B$5:$B$400,K$4,Furnitura!$C$5:$C$400,$C40) -> 0 | L40: =SUMIFS(Furnitura!$E$5:$E$400,Furnitura!$B$5:$B$400,L$4,Furnitura!$C$5:$C$400,$C40) -> 0 | M40: =SUMIFS(Furnitura!$E$5:$E$400,Furnitura!$B$5:$B$400,M$4,Furnitura!$C$5:$C$400,$C40) -> 2 | N40: =SUM(E40:M40) -> 2 | O40: 0 | P40: =N40*(1+O40) -> 2 | Q40: So'm (qat'iy) | R40: 20000 | S40: =IF(Q40="Dollar",R40*kurs_joriy,IF(Q40="So'm (kursga bog'liq)",R40*kurs_joriy/kurs_baza,R40)) -> 20000 | T40: =P40*S40 -> 40000 | U40: =T40/kurs_joriy -> 3.3436429 | V40: Butun buyurtma uchun; miqdori taxmin
A41: 37 | B41: Qadoqlash | C41: Skotch | D41: dona | E41: =SUMIFS(Furnitura!$E$5:$E$400,Furnitura!$B$5:$B$400,E$4,Furnitura!$C$5:$C$400,$C41) -> 0 | F41: =SUMIFS(Furnitura!$E$5:$E$400,Furnitura!$B$5:$B$400,F$4,Furnitura!$C$5:$C$400,$C41) -> 0 | G41: =SUMIFS(Furnitura!$E$5:$E$400,Furnitura!$B$5:$B$400,G$4,Furnitura!$C$5:$C$400,$C41) -> 0 | H41: =SUMIFS(Furnitura!$E$5:$E$400,Furnitura!$B$5:$B$400,H$4,Furnitura!$C$5:$C$400,$C41) -> 0 | I41: =SUMIFS(Furnitura!$E$5:$E$400,Furnitura!$B$5:$B$400,I$4,Furnitura!$C$5:$C$400,$C41) -> 0 | J41: =SUMIFS(Furnitura!$E$5:$E$400,Furnitura!$B$5:$B$400,J$4,Furnitura!$C$5:$C$400,$C41) -> 0 | K41: =SUMIFS(Furnitura!$E$5:$E$400,Furnitura!$B$5:$B$400,K$4,Furnitura!$C$5:$C$400,$C41) -> 0 | L41: =SUMIFS(Furnitura!$E$5:$E$400,Furnitura!$B$5:$B$400,L$4,Furnitura!$C$5:$C$400,$C41) -> 0 | M41: =SUMIFS(Furnitura!$E$5:$E$400,Furnitura!$B$5:$B$400,M$4,Furnitura!$C$5:$C$400,$C41) -> 4 | N41: =SUM(E41:M41) -> 4 | O41: 0 | P41: =N41*(1+O41) -> 4 | Q41: So'm (qat'iy) | R41: 10000 | S41: =IF(Q41="Dollar",R41*kurs_joriy,IF(Q41="So'm (kursga bog'liq)",R41*kurs_joriy/kurs_baza,R41)) -> 10000 | T41: =P41*S41 -> 40000 | U41: =T41/kurs_joriy -> 3.3436429 | V41: Butun buyurtma uchun; miqdori taxmin
A42: 38 | B42: Qadoqlash | C42: Burchak himoyasi (ugolok) | D42: dona | E42: =SUMIFS(Furnitura!$E$5:$E$400,Furnitura!$B$5:$B$400,E$4,Furnitura!$C$5:$C$400,$C42) -> 0 | F42: =SUMIFS(Furnitura!$E$5:$E$400,Furnitura!$B$5:$B$400,F$4,Furnitura!$C$5:$C$400,$C42) -> 0 | G42: =SUMIFS(Furnitura!$E$5:$E$400,Furnitura!$B$5:$B$400,G$4,Furnitura!$C$5:$C$400,$C42) -> 0 | H42: =SUMIFS(Furnitura!$E$5:$E$400,Furnitura!$B$5:$B$400,H$4,Furnitura!$C$5:$C$400,$C42) -> 0 | I42: =SUMIFS(Furnitura!$E$5:$E$400,Furnitura!$B$5:$B$400,I$4,Furnitura!$C$5:$C$400,$C42) -> 0 | J42: =SUMIFS(Furnitura!$E$5:$E$400,Furnitura!$B$5:$B$400,J$4,Furnitura!$C$5:$C$400,$C42) -> 0 | K42: =SUMIFS(Furnitura!$E$5:$E$400,Furnitura!$B$5:$B$400,K$4,Furnitura!$C$5:$C$400,$C42) -> 0 | L42: =SUMIFS(Furnitura!$E$5:$E$400,Furnitura!$B$5:$B$400,L$4,Furnitura!$C$5:$C$400,$C42) -> 0 | M42: =SUMIFS(Furnitura!$E$5:$E$400,Furnitura!$B$5:$B$400,M$4,Furnitura!$C$5:$C$400,$C42) -> 40 | N42: =SUM(E42:M42) -> 40 | O42: 0 | P42: =N42*(1+O42) -> 40 | Q42: So'm (qat'iy) | R42: 2000 | S42: =IF(Q42="Dollar",R42*kurs_joriy,IF(Q42="So'm (kursga bog'liq)",R42*kurs_joriy/kurs_baza,R42)) -> 2000 | T42: =P42*S42 -> 80000 | U42: =T42/kurs_joriy -> 6.6872858 | V42: Butun buyurtma uchun; miqdori taxmin
A43: 39 | B43: Korpus mebel | C43: Kupe profil tizimi (rels + eshik profillari) | D43: m | E43: 0 | F43: 0 | G43: 0 | H43: 0 | I43: 0 | J43: 0 | K43: 0 | L43: 0 | M43: 0 | N43: =SUM(E43:M43) -> 0 | O43: 0 | P43: =N43*(1+O43) -> 0 | Q43: So'm (kursga bog'liq) | S43: =IF(Q43="Dollar",R43*kurs_joriy,IF(Q43="So'm (kursga bog'liq)",R43*kurs_joriy/kurs_baza,R43)) -> 0 | T43: =P43*S43 -> 0 | U43: =T43/kurs_joriy -> 0 | V43: Shkaf/prixojka/garderob uchun (Korpus hisob); krasheniy mebelga ham shu narx olinadi
A44: 40 | B44: Korpus mebel | C44: Kupe rolik komplekti | D44: komplekt | E44: 0 | F44: 0 | G44: 0 | H44: 0 | I44: 0 | J44: 0 | K44: 0 | L44: 0 | M44: 0 | N44: =SUM(E44:M44) -> 0 | O44: 0 | P44: =N44*(1+O44) -> 0 | Q44: So'm (kursga bog'liq) | S44: =IF(Q44="Dollar",R44*kurs_joriy,IF(Q44="So'm (kursga bog'liq)",R44*kurs_joriy/kurs_baza,R44)) -> 0 | T44: =P44*S44 -> 0 | U44: =T44/kurs_joriy -> 0 | V44: Shkaf/prixojka/garderob uchun (Korpus hisob); krasheniy mebelga ham shu narx olinadi
A45: 41 | B45: Korpus mebel | C45: Yashik napravlyayushiysi — korpus mebel | D45: juft | E45: 0 | F45: 0 | G45: 0 | H45: 0 | I45: 0 | J45: 0 | K45: 0 | L45: 0 | M45: 0 | N45: =SUM(E45:M45) -> 0 | O45: 0 | P45: =N45*(1+O45) -> 0 | Q45: So'm (kursga bog'liq) | S45: =IF(Q45="Dollar",R45*kurs_joriy,IF(Q45="So'm (kursga bog'liq)",R45*kurs_joriy/kurs_baza,R45)) -> 0 | T45: =P45*S45 -> 0 | U45: =T45/kurs_joriy -> 0 | V45: Shkaf/prixojka/garderob uchun (Korpus hisob); krasheniy mebelga ham shu narx olinadi
A46: 42 | B46: Korpus mebel | C46: Ilgak (kiyim ilmog'i) | D46: dona | E46: 0 | F46: 0 | G46: 0 | H46: 0 | I46: 0 | J46: 0 | K46: 0 | L46: 0 | M46: 0 | N46: =SUM(E46:M46) -> 0 | O46: 0 | P46: =N46*(1+O46) -> 0 | Q46: So'm (kursga bog'liq) | S46: =IF(Q46="Dollar",R46*kurs_joriy,IF(Q46="So'm (kursga bog'liq)",R46*kurs_joriy/kurs_baza,R46)) -> 0 | T46: =P46*S46 -> 0 | U46: =T46/kurs_joriy -> 0 | V46: Shkaf/prixojka/garderob uchun (Korpus hisob); krasheniy mebelga ham shu narx olinadi
A47: 43 | B47: Xizmat | C47: Oyna qirrasini silliqlash (xizmat) | D47: m | E47: =SUMIFS(Furnitura!$E$5:$E$400,Furnitura!$B$5:$B$400,E$4,Furnitura!$C$5:$C$400,$C47) -> 8.4 | F47: =SUMIFS(Furnitura!$E$5:$E$400,Furnitura!$B$5:$B$400,F$4,Furnitura!$C$5:$C$400,$C47) -> 0 | G47: =SUMIFS(Furnitura!$E$5:$E$400,Furnitura!$B$5:$B$400,G$4,Furnitura!$C$5:$C$400,$C47) -> 0 | H47: =SUMIFS(Furnitura!$E$5:$E$400,Furnitura!$B$5:$B$400,H$4,Furnitura!$C$5:$C$400,$C47) -> 0 | I47: =SUMIFS(Furnitura!$E$5:$E$400,Furnitura!$B$5:$B$400,I$4,Furnitura!$C$5:$C$400,$C47) -> 0 | J47: =SUMIFS(Furnitura!$E$5:$E$400,Furnitura!$B$5:$B$400,J$4,Furnitura!$C$5:$C$400,$C47) -> 0 | K47: =SUMIFS(Furnitura!$E$5:$E$400,Furnitura!$B$5:$B$400,K$4,Furnitura!$C$5:$C$400,$C47) -> 0 | L47: =SUMIFS(Furnitura!$E$5:$E$400,Furnitura!$B$5:$B$400,L$4,Furnitura!$C$5:$C$400,$C47) -> 4.2 | M47: =SUMIFS(Furnitura!$E$5:$E$400,Furnitura!$B$5:$B$400,M$4,Furnitura!$C$5:$C$400,$C47) -> 0 | N47: =SUM(E47:M47) -> 12.6 | O47: 0 | P47: =N47*(1+O47) -> 12.6 | Q47: So'm (qat'iy) | R47: 5000 | S47: =IF(Q47="Dollar",R47*kurs_joriy,IF(Q47="So'm (kursga bog'liq)",R47*kurs_joriy/kurs_baza,R47)) -> 5000 | T47: =P47*S47 -> 63000 | U47: =T47/kurs_joriy -> 5.2662376
A48: 44 | B48: Xizmat | C48: Figurali kesish xizmati | D48: m | E48: =SUMIFS(Furnitura!$E$5:$E$400,Furnitura!$B$5:$B$400,E$4,Furnitura!$C$5:$C$400,$C48) -> 0 | F48: =SUMIFS(Furnitura!$E$5:$E$400,Furnitura!$B$5:$B$400,F$4,Furnitura!$C$5:$C$400,$C48) -> 6.6 | G48: =SUMIFS(Furnitura!$E$5:$E$400,Furnitura!$B$5:$B$400,G$4,Furnitura!$C$5:$C$400,$C48) -> 0 | H48: =SUMIFS(Furnitura!$E$5:$E$400,Furnitura!$B$5:$B$400,H$4,Furnitura!$C$5:$C$400,$C48) -> 0 | I48: =SUMIFS(Furnitura!$E$5:$E$400,Furnitura!$B$5:$B$400,I$4,Furnitura!$C$5:$C$400,$C48) -> 0 | J48: =SUMIFS(Furnitura!$E$5:$E$400,Furnitura!$B$5:$B$400,J$4,Furnitura!$C$5:$C$400,$C48) -> 0 | K48: =SUMIFS(Furnitura!$E$5:$E$400,Furnitura!$B$5:$B$400,K$4,Furnitura!$C$5:$C$400,$C48) -> 0 | L48: =SUMIFS(Furnitura!$E$5:$E$400,Furnitura!$B$5:$B$400,L$4,Furnitura!$C$5:$C$400,$C48) -> 0 | M48: =SUMIFS(Furnitura!$E$5:$E$400,Furnitura!$B$5:$B$400,M$4,Furnitura!$C$5:$C$400,$C48) -> 0 | N48: =SUM(E48:M48) -> 6.6 | O48: 0 | P48: =N48*(1+O48) -> 6.6 | Q48: So'm (qat'iy) | S48: =IF(Q48="Dollar",R48*kurs_joriy,IF(Q48="So'm (kursga bog'liq)",R48*kurs_joriy/kurs_baza,R48)) -> 0 | T48: =P48*S48 -> 0 | U48: =T48/kurs_joriy -> 0 | V48: Faqat figurali krovatda
A49: 45 | B49: Xizmat | C49: Raskroy (kesish) xizmati | D49: list | E49: =E5+E6+E7 -> 2.7726001 | F49: =F5+F6+F7 -> 1.7910745 | G49: =G5+G6+G7 -> 0 | H49: =H5+H6+H7 -> 0.29118875 | I49: =I5+I6+I7 -> 0.92537992 | J49: =J5+J6+J7 -> 0.69172326 | K49: =K5+K6+K7 -> 0.12035887 | L49: =L5+L6+L7 -> 0.23809524 | M49: =M5+M6+M7 -> 0 | N49: =SUM(E49:M49) -> 6.8304206 | O49: =O5 -> 0.15 | P49: =N49*(1+O49) -> 7.8549837 | Q49: So'm (qat'iy) | R49: 35000 | S49: =IF(Q49="Dollar",R49*kurs_joriy,IF(Q49="So'm (kursga bog'liq)",R49*kurs_joriy/kurs_baza,R49)) -> 35000 | T49: =P49*S49 -> 274924.43 | U49: =T49/kurs_joriy -> 22.981228 | V49: LDSP + DSP listlari; o'zingiz kessangiz narxni bo'sh qoldiring
C51: Xom ashyo (shu varaq bo'yicha), so'm | E51: =SUMPRODUCT(E$5:E$49,1+$O$5:$O$49,$S$5:$S$49) -> 3059239 | F51: =SUMPRODUCT(F$5:F$49,1+$O$5:$O$49,$S$5:$S$49) -> 1182540.8 | G51: =SUMPRODUCT(G$5:G$49,1+$O$5:$O$49,$S$5:$S$49) -> 1200000 | H51: =SUMPRODUCT(H$5:H$49,1+$O$5:$O$49,$S$5:$S$49) -> 578169.11 | I51: =SUMPRODUCT(I$5:I$49,1+$O$5:$O$49,$S$5:$S$49) -> 1382242.8 | J51: =SUMPRODUCT(J$5:J$49,1+$O$5:$O$49,$S$5:$S$49) -> 1301468.5 | K51: =SUMPRODUCT(K$5:K$49,1+$O$5:$O$49,$S$5:$S$49) -> 185309.22 | L51: =SUMPRODUCT(L$5:L$49,1+$O$5:$O$49,$S$5:$S$49) -> 411547.14 | M51: =SUMPRODUCT(M$5:M$49,1+$O$5:$O$49,$S$5:$S$49) -> 355000 | N51: =SUM(E51:M51) -> 9655516.5 | T51: =SUM(T5:T49) -> 9655516.5 | V51: =IF(ABS(N51-T51)<1,"Tekshiruv: OK","Tekshiruv: FARQ BOR") -> Tekshiruv: OK
C52: Narxi 0 yoki kiritilmagan, lekin kerak bo'lgan qatorlar | D52: =COUNTIFS($N$5:$N$49,">0",$S$5:$S$49,0) -> 3

Sheet Krasheniy xom ashyo
A1: Krasheniy xom ashyo — narxlar va sarf
A2: Shkaf, trimo, chester va tumbochka KRASHENIY variantida: bo'yaladigan qismlar MDF + bo'yoq, qolganlari laminat. 3-qatorda har mahsulot uchun qaysi qism hisoblangani yozilgan: panelda tanlangan qism, hech narsa tanlanmagan bo'lsa — to'liq krasheniy (taqqoslash uchun). Krovat kapoti qatorlari Laminat varag'i bilan bir xil (narx avtomatik); krovat tannarxi Laminat varag'idan olinadi. Sariq kataklarga krasheniy mahsulot narxlarini kiriting.
C3: Joriy kurs (1 $): | D3: =kurs_joriy -> 11963 | E3: =IF(AND(shkaf_kyuz=1,shkaf_kyon=1),"to'liq",IF(shkaf_kyuz=1,"yuzi","yoni"))&IF(shkaf_kra=1,""," (taqqoslash)") -> to'liq (taqqoslash) | F3: =IF(AND(tumba_kyuz=1,tumba_kyon=1),"to'liq",IF(tumba_kyuz=1,"yuzi","yoni"))&IF(tumba_kra=1,""," (taqqoslash)") -> to'liq (taqqoslash) | G3: =IF(AND(trimo_kyuz=1,trimo_kyon=1),"to'liq",IF(trimo_kyuz=1,"yuzi","yoni"))&IF(trimo_kra=1,""," (taqqoslash)") -> to'liq (taqqoslash) | H3: =IF(AND(chest_kyuz=1,chest_kyon=1),"to'liq",IF(chest_kyuz=1,"yuzi","yoni"))&IF(chest_kra=1,""," (taqqoslash)") -> to'liq (taqqoslash) | I3: faqat kapot
A4: № | B4: Guruh | C4: Xom ashyo | D4: Birlik | E4: Shkaf | F4: Tumbochka | G4: Trimo | H4: Chester | I4: Krovat | J4: Jami sof | K4: Otxod / zapas | L4: Jami kerak | M4: Narx turi | N4: Narx (kiritilgan) | O4: Narx (so'm, joriy kurs) | P4: Summa (so'm) | Q4: Summa ($) | R4: Izoh
A5: 1 | B5: Asosiy | C5: LDSP 16mm (laminat) | D5: list | E5: =(SUMIFS(Detallar!$I$5:$I$300,Detallar!$B$5:$B$300,E$4,Detallar!$D$5:$D$300,"LDSP 16mm")-(SUMIFS(Detallar!$I$5:$I$300,Detallar!$B$5:$B$300,E$4,Detallar!$E$5:$E$300,"Yuz")*shkaf_kyuz+SUMIFS(Detallar!$I$5:$I$300,Detallar!$B$5:$B$300,E$4,Detallar!$E$5:$E$300,"Yon")*shkaf_kyon))/(ldsp_L*ldsp_W/1000000) -> 1.4265452 | F5: =(SUMIFS(Detallar!$I$5:$I$300,Detallar!$B$5:$B$300,F$4,Detallar!$D$5:$D$300,"LDSP 16mm")-(SUMIFS(Detallar!$I$5:$I$300,Detallar!$B$5:$B$300,F$4,Detallar!$E$5:$E$300,"Yuz")*tumba_kyuz+SUMIFS(Detallar!$I$5:$I$300,Detallar!$B$5:$B$300,F$4,Detallar!$E$5:$E$300,"Yon")*tumba_kyon))/(ldsp_L*ldsp_W/1000000) -> 0.13013665 | G5: =(SUMIFS(Detallar!$I$5:$I$300,Detallar!$B$5:$B$300,G$4,Detallar!$D$5:$D$300,"LDSP 16mm")-(SUMIFS(Detallar!$I$5:$I$300,Detallar!$B$5:$B$300,G$4,Detallar!$E$5:$E$300,"Yuz")*trimo_kyuz+SUMIFS(Detallar!$I$5:$I$300,Detallar!$B$5:$B$300,G$4,Detallar!$E$5:$E$300,"Yon")*trimo_kyon))/(ldsp_L*ldsp_W/1000000) -> 0.45780883 | H5: =(SUMIFS(Detallar!$I$5:$I$300,Detallar!$B$5:$B$300,H$4,Detallar!$D$5:$D$300,"LDSP 16mm")-(SUMIFS(Detallar!$I$5:$I$300,Detallar!$B$5:$B$300,H$4,Detallar!$E$5:$E$300,"Yuz")*chest_kyuz+SUMIFS(Detallar!$I$5:$I$300,Detallar!$B$5:$B$300,H$4,Detallar!$E$5:$E$300,"Yon")*chest_kyon))/(ldsp_L*ldsp_W/1000000) -> 0.32511249 | I5: 0 | J5: =SUM(E5:I5) -> 2.3396032 | K5: 0.15 | L5: =J5*(1+K5) -> 2.6905437 | M5: So'm (kursga bog'liq) | N5: 400000 | O5: =IF(M5="Dollar",N5*kurs_joriy,IF(M5="So'm (kursga bog'liq)",N5*kurs_joriy/kurs_baza,N5)) -> 400000 | P5: =L5*O5 -> 1076217.5 | Q5: =P5/kurs_joriy -> 89.962172 | R5: Narx 1 list uchun; ichki qismlar (polka, to'siq, tag, yashik qutisi) va laminat qolgan qism
A6: 2 | B6: Asosiy | C6: MDF 16mm | D6: list | E6: =(SUMIFS(Detallar!$I$5:$I$300,Detallar!$B$5:$B$300,E$4,Detallar!$E$5:$E$300,"Yuz")*shkaf_kyuz+SUMIFS(Detallar!$I$5:$I$300,Detallar!$B$5:$B$300,E$4,Detallar!$E$5:$E$300,"Yon")*shkaf_kyon)/(mdf_L*mdf_W/1000000) -> 1.3460549 | F6: =(SUMIFS(Detallar!$I$5:$I$300,Detallar!$B$5:$B$300,F$4,Detallar!$E$5:$E$300,"Yuz")*tumba_kyuz+SUMIFS(Detallar!$I$5:$I$300,Detallar!$B$5:$B$300,F$4,Detallar!$E$5:$E$300,"Yon")*tumba_kyon)/(mdf_L*mdf_W/1000000) -> 0.1610521 | G6: =(SUMIFS(Detallar!$I$5:$I$300,Detallar!$B$5:$B$300,G$4,Detallar!$E$5:$E$300,"Yuz")*trimo_kyuz+SUMIFS(Detallar!$I$5:$I$300,Detallar!$B$5:$B$300,G$4,Detallar!$E$5:$E$300,"Yon")*trimo_kyon)/(mdf_L*mdf_W/1000000) -> 0.46757108 | H6: =(SUMIFS(Detallar!$I$5:$I$300,Detallar!$B$5:$B$300,H$4,Detallar!$E$5:$E$300,"Yuz")*chest_kyuz+SUMIFS(Detallar!$I$5:$I$300,Detallar!$B$5:$B$300,H$4,Detallar!$E$5:$E$300,"Yon")*chest_kyon)/(mdf_L*mdf_W/1000000) -> 0.36661077 | I6: 0 | J6: =SUM(E6:I6) -> 2.3412888 | K6: 0.15 | L6: =J6*(1+K6) -> 2.6924821 | M6: So'm (kursga bog'liq) | O6: =IF(M6="Dollar",N6*kurs_joriy,IF(M6="So'm (kursga bog'liq)",N6*kurs_joriy/kurs_baza,N6)) -> 0 | P6: =L6*O6 -> 0 | Q6: =P6/kurs_joriy -> 0 | R6: Narx 1 list uchun; bo'yaladigan qismlar
A7: 3 | B7: Asosiy | C7: DVP 3mm (orqa devor, yashik tagi) | D7: list | E7: =SUMIFS(Detallar!$I$5:$I$300,Detallar!$B$5:$B$300,E$4,Detallar!$D$5:$D$300,"DVP 3mm")/(dvp_L*dvp_W/1000000) -> 1.1237647 | F7: =SUMIFS(Detallar!$I$5:$I$300,Detallar!$B$5:$B$300,F$4,Detallar!$D$5:$D$300,"DVP 3mm")/(dvp_L*dvp_W/1000000) -> 0.12795028 | G7: =SUMIFS(Detallar!$I$5:$I$300,Detallar!$B$5:$B$300,G$4,Detallar!$D$5:$D$300,"DVP 3mm")/(dvp_L*dvp_W/1000000) -> 0.40200579 | H7: =SUMIFS(Detallar!$I$5:$I$300,Detallar!$B$5:$B$300,H$4,Detallar!$D$5:$D$300,"DVP 3mm")/(dvp_L*dvp_W/1000000) -> 0.45337619 | I7: 0 | J7: =SUM(E7:I7) -> 2.107097 | K7: 0.15 | L7: =J7*(1+K7) -> 2.4231615 | M7: So'm (kursga bog'liq) | N7: 190000 | O7: =IF(M7="Dollar",N7*kurs_joriy,IF(M7="So'm (kursga bog'liq)",N7*kurs_joriy/kurs_baza,N7)) -> 190000 | P7: =L7*O7 -> 460400.69 | Q7: =P7/kurs_joriy -> 38.485387 | R7: Narx 1 list uchun
A8: 4 | B8: Asosiy | C8: Oyna 4mm (ko'zgu) | D8: m² | E8: =SUMIFS(Detallar!$I$5:$I$300,Detallar!$B$5:$B$300,E$4,Detallar!$D$5:$D$300,"Oyna 4mm") -> 1.6 | F8: =SUMIFS(Detallar!$I$5:$I$300,Detallar!$B$5:$B$300,F$4,Detallar!$D$5:$D$300,"Oyna 4mm") -> 0 | G8: =SUMIFS(Detallar!$I$5:$I$300,Detallar!$B$5:$B$300,G$4,Detallar!$D$5:$D$300,"Oyna 4mm") -> 0 | H8: =SUMIFS(Detallar!$I$5:$I$300,Detallar!$B$5:$B$300,H$4,Detallar!$D$5:$D$300,"Oyna 4mm") -> 0 | I8: 0 | J8: =SUM(E8:I8) -> 1.6 | K8: 0 | L8: =J8*(1+K8) -> 1.6 | M8: So'm (kursga bog'liq) | N8: 140000 | O8: =IF(M8="Dollar",N8*kurs_joriy,IF(M8="So'm (kursga bog'liq)",N8*kurs_joriy/kurs_baza,N8)) -> 140000 | P8: =L8*O8 -> 224000 | Q8: =P8/kurs_joriy -> 18.7244 | R8: Shkaf eshik oynalari
A9: 5 | B9: Asosiy | C9: Kromka PVX 2mm | D9: m | E9: =SUMIFS(Detallar!$N$5:$N$300,Detallar!$B$5:$B$300,E$4)-(SUMIFS(Detallar!$N$5:$N$300,Detallar!$B$5:$B$300,E$4,Detallar!$E$5:$E$300,"Yuz")*shkaf_kyuz+SUMIFS(Detallar!$N$5:$N$300,Detallar!$B$5:$B$300,E$4,Detallar!$E$5:$E$300,"Yon")*shkaf_kyon) -> 0 | F9: =SUMIFS(Detallar!$N$5:$N$300,Detallar!$B$5:$B$300,F$4)-(SUMIFS(Detallar!$N$5:$N$300,Detallar!$B$5:$B$300,F$4,Detallar!$E$5:$E$300,"Yuz")*tumba_kyuz+SUMIFS(Detallar!$N$5:$N$300,Detallar!$B$5:$B$300,F$4,Detallar!$E$5:$E$300,"Yon")*tumba_kyon) -> 0 | G9: =SUMIFS(Detallar!$N$5:$N$300,Detallar!$B$5:$B$300,G$4)-(SUMIFS(Detallar!$N$5:$N$300,Detallar!$B$5:$B$300,G$4,Detallar!$E$5:$E$300,"Yuz")*trimo_kyuz+SUMIFS(Detallar!$N$5:$N$300,Detallar!$B$5:$B$300,G$4,Detallar!$E$5:$E$300,"Yon")*trimo_kyon) -> 0 | H9: =SUMIFS(Detallar!$N$5:$N$300,Detallar!$B$5:$B$300,H$4)-(SUMIFS(Detallar!$N$5:$N$300,Detallar!$B$5:$B$300,H$4,Detallar!$E$5:$E$300,"Yuz")*chest_kyuz+SUMIFS(Detallar!$N$5:$N$300,Detallar!$B$5:$B$300,H$4,Detallar!$E$5:$E$300,"Yon")*chest_kyon) -> 0 | I9: 0 | J9: =SUM(E9:I9) -> 0 | K9: 0.1 | L9: =J9*(1+K9) -> 0 | M9: So'm (kursga bog'liq) | N9: 4000 | O9: =IF(M9="Dollar",N9*kurs_joriy,IF(M9="So'm (kursga bog'liq)",N9*kurs_joriy/kurs_baza,N9)) -> 4000 | P9: =L9*O9 -> 0 | Q9: =P9/kurs_joriy -> 0 | R9: Faqat laminat detallar; narx kromkalash xizmati bilan
A10: 6 | B10: Asosiy | C10: Kromka PVX 0.4mm | D10: m | E10: =SUMIFS(Detallar!$O$5:$O$300,Detallar!$B$5:$B$300,E$4)-(SUMIFS(Detallar!$O$5:$O$300,Detallar!$B$5:$B$300,E$4,Detallar!$E$5:$E$300,"Yuz")*shkaf_kyuz+SUMIFS(Detallar!$O$5:$O$300,Detallar!$B$5:$B$300,E$4,Detallar!$E$5:$E$300,"Yon")*shkaf_kyon) -> 14.344 | F10: =SUMIFS(Detallar!$O$5:$O$300,Detallar!$B$5:$B$300,F$4)-(SUMIFS(Detallar!$O$5:$O$300,Detallar!$B$5:$B$300,F$4,Detallar!$E$5:$E$300,"Yuz")*tumba_kyuz+SUMIFS(Detallar!$O$5:$O$300,Detallar!$B$5:$B$300,F$4,Detallar!$E$5:$E$300,"Yon")*tumba_kyon) -> 3.508 | G10: =SUMIFS(Detallar!$O$5:$O$300,Detallar!$B$5:$B$300,G$4)-(SUMIFS(Detallar!$O$5:$O$300,Detallar!$B$5:$B$300,G$4,Detallar!$E$5:$E$300,"Yuz")*trimo_kyuz+SUMIFS(Detallar!$O$5:$O$300,Detallar!$B$5:$B$300,G$4,Detallar!$E$5:$E$300,"Yon")*trimo_kyon) -> 9.148 | H10: =SUMIFS(Detallar!$O$5:$O$300,Detallar!$B$5:$B$300,H$4)-(SUMIFS(Detallar!$O$5:$O$300,Detallar!$B$5:$B$300,H$4,Detallar!$E$5:$E$300,"Yuz")*chest_kyuz+SUMIFS(Detallar!$O$5:$O$300,Detallar!$B$5:$B$300,H$4,Detallar!$E$5:$E$300,"Yon")*chest_kyon) -> 10.048 | I10: 0 | J10: =SUM(E10:I10) -> 37.048 | K10: 0.1 | L10: =J10*(1+K10) -> 40.7528 | M10: So'm (kursga bog'liq) | N10: 3000 | O10: =IF(M10="Dollar",N10*kurs_joriy,IF(M10="So'm (kursga bog'liq)",N10*kurs_joriy/kurs_baza,N10)) -> 3000 | P10: =L10*O10 -> 122258.4 | Q10: =P10/kurs_joriy -> 10.219711 | R10: Faqat laminat detallar; narx kromkalash xizmati bilan
A11: 7 | B11: Krovat kapoti | C11: DSP 16mm — oddiy kapot | D11: list | E11: =SUMIFS(Detallar!$I$5:$I$300,Detallar!$B$5:$B$300,E$4,Detallar!$D$5:$D$300,"DSP 16mm (oddiy kapot)")/(dsp_L*dsp_W/1000000) -> 0 | F11: =SUMIFS(Detallar!$I$5:$I$300,Detallar!$B$5:$B$300,F$4,Detallar!$D$5:$D$300,"DSP 16mm (oddiy kapot)")/(dsp_L*dsp_W/1000000) -> 0 | G11: =SUMIFS(Detallar!$I$5:$I$300,Detallar!$B$5:$B$300,G$4,Detallar!$D$5:$D$300,"DSP 16mm (oddiy kapot)")/(dsp_L*dsp_W/1000000) -> 0 | H11: =SUMIFS(Detallar!$I$5:$I$300,Detallar!$B$5:$B$300,H$4,Detallar!$D$5:$D$300,"DSP 16mm (oddiy kapot)")/(dsp_L*dsp_W/1000000) -> 0 | I11: =SUMIFS(Detallar!$I$5:$I$300,Detallar!$B$5:$B$300,I$4,Detallar!$D$5:$D$300,"DSP 16mm (oddiy kapot)")/(dsp_L*dsp_W/1000000) -> 0.71685087 | J11: =SUM(E11:I11) -> 0.71685087 | K11: ='Laminat xom ashyo'!O6 -> 0.15 | L11: =J11*(1+K11) -> 0.8243785 | M11: ='Laminat xom ashyo'!Q6 -> So'm (kursga bog'liq) | N11: ='Laminat xom ashyo'!R6 -> 0 | O11: =IF(M11="Dollar",N11*kurs_joriy,IF(M11="So'm (kursga bog'liq)",N11*kurs_joriy/kurs_baza,N11)) -> 0 | P11: =L11*O11 -> 0 | Q11: =P11/kurs_joriy -> 0 | R11: Laminat varag'i bilan bir xil — narxi o'sha yerdan olinadi
A12: 8 | B12: Krovat kapoti | C12: DSP 16mm — nasosli kapot | D12: list | E12: =SUMIFS(Detallar!$I$5:$I$300,Detallar!$B$5:$B$300,E$4,Detallar!$D$5:$D$300,"DSP 16mm (nasosli kapot)")/(dsp_L*dsp_W/1000000) -> 0 | F12: =SUMIFS(Detallar!$I$5:$I$300,Detallar!$B$5:$B$300,F$4,Detallar!$D$5:$D$300,"DSP 16mm (nasosli kapot)")/(dsp_L*dsp_W/1000000) -> 0 | G12: =SUMIFS(Detallar!$I$5:$I$300,Detallar!$B$5:$B$300,G$4,Detallar!$D$5:$D$300,"DSP 16mm (nasosli kapot)")/(dsp_L*dsp_W/1000000) -> 0 | H12: =SUMIFS(Detallar!$I$5:$I$300,Detallar!$B$5:$B$300,H$4,Detallar!$D$5:$D$300,"DSP 16mm (nasosli kapot)")/(dsp_L*dsp_W/1000000) -> 0 | I12: =SUMIFS(Detallar!$I$5:$I$300,Detallar!$B$5:$B$300,I$4,Detallar!$D$5:$D$300,"DSP 16mm (nasosli kapot)")/(dsp_L*dsp_W/1000000) -> 0 | J12: =SUM(E12:I12) -> 0 | K12: ='Laminat xom ashyo'!O7 -> 0.15 | L12: =J12*(1+K12) -> 0 | M12: ='Laminat xom ashyo'!Q7 -> So'm (kursga bog'liq) | N12: ='Laminat xom ashyo'!R7 -> 0 | O12: =IF(M12="Dollar",N12*kurs_joriy,IF(M12="So'm (kursga bog'liq)",N12*kurs_joriy/kurs_baza,N12)) -> 0 | P12: =L12*O12 -> 0 | Q12: =P12/kurs_joriy -> 0 | R12: Laminat varag'i bilan bir xil — narxi o'sha yerdan olinadi
A13: 9 | B13: Krovat kapoti | C13: Kapot ko'tarish mexanizmi (nasos) | D13: komplekt | E13: =SUMIFS(Furnitura!$E$5:$E$400,Furnitura!$B$5:$B$400,E$4,Furnitura!$C$5:$C$400,$C13) -> 0 | F13: =SUMIFS(Furnitura!$E$5:$E$400,Furnitura!$B$5:$B$400,F$4,Furnitura!$C$5:$C$400,$C13) -> 0 | G13: =SUMIFS(Furnitura!$E$5:$E$400,Furnitura!$B$5:$B$400,G$4,Furnitura!$C$5:$C$400,$C13) -> 0 | H13: =SUMIFS(Furnitura!$E$5:$E$400,Furnitura!$B$5:$B$400,H$4,Furnitura!$C$5:$C$400,$C13) -> 0 | I13: =SUMIFS(Furnitura!$E$5:$E$400,Furnitura!$B$5:$B$400,I$4,Furnitura!$C$5:$C$400,$C13) -> 0 | J13: =SUM(E13:I13) -> 0 | K13: ='Laminat xom ashyo'!O29 -> 0 | L13: =J13*(1+K13) -> 0 | M13: ='Laminat xom ashyo'!Q29 -> So'm (kursga bog'liq) | N13: ='Laminat xom ashyo'!R29 -> 0 | O13: =IF(M13="Dollar",N13*kurs_joriy,IF(M13="So'm (kursga bog'liq)",N13*kurs_joriy/kurs_baza,N13)) -> 0 | P13: =L13*O13 -> 0 | Q13: =P13/kurs_joriy -> 0 | R13: Laminat varag'i bilan bir xil — narxi o'sha yerdan olinadi
A14: 10 | B14: Bo'yoq | C14: Grunt | D14: kg | E14: =(SUMIFS(Detallar!$Q$5:$Q$300,Detallar!$B$5:$B$300,E$4,Detallar!$E$5:$E$300,"Yuz")*shkaf_kyuz+SUMIFS(Detallar!$Q$5:$Q$300,Detallar!$B$5:$B$300,E$4,Detallar!$E$5:$E$300,"Yon")*shkaf_kyon)*grunt_norma -> 5.7199338 | F14: =(SUMIFS(Detallar!$Q$5:$Q$300,Detallar!$B$5:$B$300,F$4,Detallar!$E$5:$E$300,"Yuz")*tumba_kyuz+SUMIFS(Detallar!$Q$5:$Q$300,Detallar!$B$5:$B$300,F$4,Detallar!$E$5:$E$300,"Yon")*tumba_kyon)*grunt_norma -> 0.7080318 | G14: =(SUMIFS(Detallar!$Q$5:$Q$300,Detallar!$B$5:$B$300,G$4,Detallar!$E$5:$E$300,"Yuz")*trimo_kyuz+SUMIFS(Detallar!$Q$5:$Q$300,Detallar!$B$5:$B$300,G$4,Detallar!$E$5:$E$300,"Yon")*trimo_kyon)*grunt_norma -> 2.0205542 | H14: =(SUMIFS(Detallar!$Q$5:$Q$300,Detallar!$B$5:$B$300,H$4,Detallar!$E$5:$E$300,"Yuz")*chest_kyuz+SUMIFS(Detallar!$Q$5:$Q$300,Detallar!$B$5:$B$300,H$4,Detallar!$E$5:$E$300,"Yon")*chest_kyon)*grunt_norma -> 1.59005 | I14: 0 | J14: =SUM(E14:I14) -> 10.03857 | K14: 0 | L14: =J14*(1+K14) -> 10.03857 | M14: So'm (kursga bog'liq) | O14: =IF(M14="Dollar",N14*kurs_joriy,IF(M14="So'm (kursga bog'liq)",N14*kurs_joriy/kurs_baza,N14)) -> 0 | P14: =L14*O14 -> 0 | Q14: =P14/kurs_joriy -> 0 | R14: Sarf = bo'yaladigan m² × norma (Sozlamalar, taxmin)
A15: 11 | B15: Bo'yoq | C15: Emal (kraska) | D15: kg | E15: =(SUMIFS(Detallar!$Q$5:$Q$300,Detallar!$B$5:$B$300,E$4,Detallar!$E$5:$E$300,"Yuz")*shkaf_kyuz+SUMIFS(Detallar!$Q$5:$Q$300,Detallar!$B$5:$B$300,E$4,Detallar!$E$5:$E$300,"Yon")*shkaf_kyon)*emal_norma -> 4.9028004 | F15: =(SUMIFS(Detallar!$Q$5:$Q$300,Detallar!$B$5:$B$300,F$4,Detallar!$E$5:$E$300,"Yuz")*tumba_kyuz+SUMIFS(Detallar!$Q$5:$Q$300,Detallar!$B$5:$B$300,F$4,Detallar!$E$5:$E$300,"Yon")*tumba_kyon)*emal_norma -> 0.6068844 | G15: =(SUMIFS(Detallar!$Q$5:$Q$300,Detallar!$B$5:$B$300,G$4,Detallar!$E$5:$E$300,"Yuz")*trimo_kyuz+SUMIFS(Detallar!$Q$5:$Q$300,Detallar!$B$5:$B$300,G$4,Detallar!$E$5:$E$300,"Yon")*trimo_kyon)*emal_norma -> 1.7319036 | H15: =(SUMIFS(Detallar!$Q$5:$Q$300,Detallar!$B$5:$B$300,H$4,Detallar!$E$5:$E$300,"Yuz")*chest_kyuz+SUMIFS(Detallar!$Q$5:$Q$300,Detallar!$B$5:$B$300,H$4,Detallar!$E$5:$E$300,"Yon")*chest_kyon)*emal_norma -> 1.3629 | I15: 0 | J15: =SUM(E15:I15) -> 8.6044884 | K15: 0 | L15: =J15*(1+K15) -> 8.6044884 | M15: So'm (kursga bog'liq) | O15: =IF(M15="Dollar",N15*kurs_joriy,IF(M15="So'm (kursga bog'liq)",N15*kurs_joriy/kurs_baza,N15)) -> 0 | P15: =L15*O15 -> 0 | Q15: =P15/kurs_joriy -> 0 | R15: Sarf = bo'yaladigan m² × norma (Sozlamalar, taxmin)
A16: 12 | B16: Bo'yoq | C16: Lak | D16: kg | E16: =(SUMIFS(Detallar!$Q$5:$Q$300,Detallar!$B$5:$B$300,E$4,Detallar!$E$5:$E$300,"Yuz")*shkaf_kyuz+SUMIFS(Detallar!$Q$5:$Q$300,Detallar!$B$5:$B$300,E$4,Detallar!$E$5:$E$300,"Yon")*shkaf_kyon)*lak_norma -> 3.2685336 | F16: =(SUMIFS(Detallar!$Q$5:$Q$300,Detallar!$B$5:$B$300,F$4,Detallar!$E$5:$E$300,"Yuz")*tumba_kyuz+SUMIFS(Detallar!$Q$5:$Q$300,Detallar!$B$5:$B$300,F$4,Detallar!$E$5:$E$300,"Yon")*tumba_kyon)*lak_norma -> 0.4045896 | G16: =(SUMIFS(Detallar!$Q$5:$Q$300,Detallar!$B$5:$B$300,G$4,Detallar!$E$5:$E$300,"Yuz")*trimo_kyuz+SUMIFS(Detallar!$Q$5:$Q$300,Detallar!$B$5:$B$300,G$4,Detallar!$E$5:$E$300,"Yon")*trimo_kyon)*lak_norma -> 1.1546024 | H16: =(SUMIFS(Detallar!$Q$5:$Q$300,Detallar!$B$5:$B$300,H$4,Detallar!$E$5:$E$300,"Yuz")*chest_kyuz+SUMIFS(Detallar!$Q$5:$Q$300,Detallar!$B$5:$B$300,H$4,Detallar!$E$5:$E$300,"Yon")*chest_kyon)*lak_norma -> 0.9086 | I16: 0 | J16: =SUM(E16:I16) -> 5.7363256 | K16: 0 | L16: =J16*(1+K16) -> 5.7363256 | M16: So'm (kursga bog'liq) | O16: =IF(M16="Dollar",N16*kurs_joriy,IF(M16="So'm (kursga bog'liq)",N16*kurs_joriy/kurs_baza,N16)) -> 0 | P16: =L16*O16 -> 0 | Q16: =P16/kurs_joriy -> 0 | R16: Sarf = bo'yaladigan m² × norma (Sozlamalar, taxmin)
A17: 13 | B17: Bo'yoq | C17: Qotirgich (otverditel) | D17: kg | E17: =(SUMIFS(Detallar!$Q$5:$Q$300,Detallar!$B$5:$B$300,E$4,Detallar!$E$5:$E$300,"Yuz")*shkaf_kyuz+SUMIFS(Detallar!$Q$5:$Q$300,Detallar!$B$5:$B$300,E$4,Detallar!$E$5:$E$300,"Yon")*shkaf_kyon)*qotir_norma -> 4.9028004 | F17: =(SUMIFS(Detallar!$Q$5:$Q$300,Detallar!$B$5:$B$300,F$4,Detallar!$E$5:$E$300,"Yuz")*tumba_kyuz+SUMIFS(Detallar!$Q$5:$Q$300,Detallar!$B$5:$B$300,F$4,Detallar!$E$5:$E$300,"Yon")*tumba_kyon)*qotir_norma -> 0.6068844 | G17: =(SUMIFS(Detallar!$Q$5:$Q$300,Detallar!$B$5:$B$300,G$4,Detallar!$E$5:$E$300,"Yuz")*trimo_kyuz+SUMIFS(Detallar!$Q$5:$Q$300,Detallar!$B$5:$B$300,G$4,Detallar!$E$5:$E$300,"Yon")*trimo_kyon)*qotir_norma -> 1.7319036 | H17: =(SUMIFS(Detallar!$Q$5:$Q$300,Detallar!$B$5:$B$300,H$4,Detallar!$E$5:$E$300,"Yuz")*chest_kyuz+SUMIFS(Detallar!$Q$5:$Q$300,Detallar!$B$5:$B$300,H$4,Detallar!$E$5:$E$300,"Yon")*chest_kyon)*qotir_norma -> 1.3629 | I17: 0 | J17: =SUM(E17:I17) -> 8.6044884 | K17: 0 | L17: =J17*(1+K17) -> 8.6044884 | M17: So'm (kursga bog'liq) | O17: =IF(M17="Dollar",N17*kurs_joriy,IF(M17="So'm (kursga bog'liq)",N17*kurs_joriy/kurs_baza,N17)) -> 0 | P17: =L17*O17 -> 0 | Q17: =P17/kurs_joriy -> 0 | R17: Sarf = bo'yaladigan m² × norma (Sozlamalar, taxmin)
A18: 14 | B18: Bo'yoq | C18: Eritgich (razbavitel) | D18: litr | E18: =(SUMIFS(Detallar!$Q$5:$Q$300,Detallar!$B$5:$B$300,E$4,Detallar!$E$5:$E$300,"Yuz")*shkaf_kyuz+SUMIFS(Detallar!$Q$5:$Q$300,Detallar!$B$5:$B$300,E$4,Detallar!$E$5:$E$300,"Yon")*shkaf_kyon)*eritgich_norma -> 2.4514002 | F18: =(SUMIFS(Detallar!$Q$5:$Q$300,Detallar!$B$5:$B$300,F$4,Detallar!$E$5:$E$300,"Yuz")*tumba_kyuz+SUMIFS(Detallar!$Q$5:$Q$300,Detallar!$B$5:$B$300,F$4,Detallar!$E$5:$E$300,"Yon")*tumba_kyon)*eritgich_norma -> 0.3034422 | G18: =(SUMIFS(Detallar!$Q$5:$Q$300,Detallar!$B$5:$B$300,G$4,Detallar!$E$5:$E$300,"Yuz")*trimo_kyuz+SUMIFS(Detallar!$Q$5:$Q$300,Detallar!$B$5:$B$300,G$4,Detallar!$E$5:$E$300,"Yon")*trimo_kyon)*eritgich_norma -> 0.8659518 | H18: =(SUMIFS(Detallar!$Q$5:$Q$300,Detallar!$B$5:$B$300,H$4,Detallar!$E$5:$E$300,"Yuz")*chest_kyuz+SUMIFS(Detallar!$Q$5:$Q$300,Detallar!$B$5:$B$300,H$4,Detallar!$E$5:$E$300,"Yon")*chest_kyon)*eritgich_norma -> 0.68145 | I18: 0 | J18: =SUM(E18:I18) -> 4.3022442 | K18: 0 | L18: =J18*(1+K18) -> 4.3022442 | M18: So'm (kursga bog'liq) | O18: =IF(M18="Dollar",N18*kurs_joriy,IF(M18="So'm (kursga bog'liq)",N18*kurs_joriy/kurs_baza,N18)) -> 0 | P18: =L18*O18 -> 0 | Q18: =P18/kurs_joriy -> 0 | R18: Sarf = bo'yaladigan m² × norma (Sozlamalar, taxmin)
A19: 15 | B19: Bo'yoq | C19: Jilvir qog'oz (shkurka) | D19: dona | E19: =(SUMIFS(Detallar!$Q$5:$Q$300,Detallar!$B$5:$B$300,E$4,Detallar!$E$5:$E$300,"Yuz")*shkaf_kyuz+SUMIFS(Detallar!$Q$5:$Q$300,Detallar!$B$5:$B$300,E$4,Detallar!$E$5:$E$300,"Yon")*shkaf_kyon)*shkurka_norma -> 16.342668 | F19: =(SUMIFS(Detallar!$Q$5:$Q$300,Detallar!$B$5:$B$300,F$4,Detallar!$E$5:$E$300,"Yuz")*tumba_kyuz+SUMIFS(Detallar!$Q$5:$Q$300,Detallar!$B$5:$B$300,F$4,Detallar!$E$5:$E$300,"Yon")*tumba_kyon)*shkurka_norma -> 2.022948 | G19: =(SUMIFS(Detallar!$Q$5:$Q$300,Detallar!$B$5:$B$300,G$4,Detallar!$E$5:$E$300,"Yuz")*trimo_kyuz+SUMIFS(Detallar!$Q$5:$Q$300,Detallar!$B$5:$B$300,G$4,Detallar!$E$5:$E$300,"Yon")*trimo_kyon)*shkurka_norma -> 5.773012 | H19: =(SUMIFS(Detallar!$Q$5:$Q$300,Detallar!$B$5:$B$300,H$4,Detallar!$E$5:$E$300,"Yuz")*chest_kyuz+SUMIFS(Detallar!$Q$5:$Q$300,Detallar!$B$5:$B$300,H$4,Detallar!$E$5:$E$300,"Yon")*chest_kyon)*shkurka_norma -> 4.543 | I19: 0 | J19: =SUM(E19:I19) -> 28.681628 | K19: 0 | L19: =J19*(1+K19) -> 28.681628 | M19: So'm (kursga bog'liq) | O19: =IF(M19="Dollar",N19*kurs_joriy,IF(M19="So'm (kursga bog'liq)",N19*kurs_joriy/kurs_baza,N19)) -> 0 | P19: =L19*O19 -> 0 | Q19: =P19/kurs_joriy -> 0 | R19: Sarf = bo'yaladigan m² × norma (Sozlamalar, taxmin)
A20: 16 | B20: Furnitura | C20: Sharnir (mebel petlyasi) 35mm | D20: dona | E20: =SUMIFS(Furnitura!$E$5:$E$400,Furnitura!$B$5:$B$400,E$4,Furnitura!$C$5:$C$400,$C20) -> 30 | F20: =SUMIFS(Furnitura!$E$5:$E$400,Furnitura!$B$5:$B$400,F$4,Furnitura!$C$5:$C$400,$C20) -> 0 | G20: =SUMIFS(Furnitura!$E$5:$E$400,Furnitura!$B$5:$B$400,G$4,Furnitura!$C$5:$C$400,$C20) -> 4 | H20: =SUMIFS(Furnitura!$E$5:$E$400,Furnitura!$B$5:$B$400,H$4,Furnitura!$C$5:$C$400,$C20) -> 0 | I20: 0 | J20: =SUM(E20:I20) -> 34 | K20: 0 | L20: =J20*(1+K20) -> 34 | M20: So'm (kursga bog'liq) | N20: 10000 | O20: =IF(M20="Dollar",N20*kurs_joriy,IF(M20="So'm (kursga bog'liq)",N20*kurs_joriy/kurs_baza,N20)) -> 10000 | P20: =L20*O20 -> 340000 | Q20: =P20/kurs_joriy -> 28.420965
A21: 17 | B21: Furnitura | C21: Ruchka (tutqich) | D21: dona | E21: =SUMIFS(Furnitura!$E$5:$E$400,Furnitura!$B$5:$B$400,E$4,Furnitura!$C$5:$C$400,$C21) -> 6 | F21: =SUMIFS(Furnitura!$E$5:$E$400,Furnitura!$B$5:$B$400,F$4,Furnitura!$C$5:$C$400,$C21) -> 2 | G21: =SUMIFS(Furnitura!$E$5:$E$400,Furnitura!$B$5:$B$400,G$4,Furnitura!$C$5:$C$400,$C21) -> 5 | H21: =SUMIFS(Furnitura!$E$5:$E$400,Furnitura!$B$5:$B$400,H$4,Furnitura!$C$5:$C$400,$C21) -> 4 | I21: 0 | J21: =SUM(E21:I21) -> 17 | K21: 0 | L21: =J21*(1+K21) -> 17 | M21: So'm (kursga bog'liq) | N21: 50000 | O21: =IF(M21="Dollar",N21*kurs_joriy,IF(M21="So'm (kursga bog'liq)",N21*kurs_joriy/kurs_baza,N21)) -> 50000 | P21: =L21*O21 -> 850000 | Q21: =P21/kurs_joriy -> 71.052412
A22: 18 | B22: Furnitura | C22: ="Yashik napravlyayushiysi — Tumbochka ("&tumba_naprav&" mm)" -> Yashik napravlyayushiysi — Tumbochka (350 mm) | D22: juft | E22: =SUMIFS(Furnitura!$E$5:$E$400,Furnitura!$B$5:$B$400,E$4,Furnitura!$C$5:$C$400,$C22) -> 0 | F22: =SUMIFS(Furnitura!$E$5:$E$400,Furnitura!$B$5:$B$400,F$4,Furnitura!$C$5:$C$400,$C22) -> 2 | G22: =SUMIFS(Furnitura!$E$5:$E$400,Furnitura!$B$5:$B$400,G$4,Furnitura!$C$5:$C$400,$C22) -> 0 | H22: =SUMIFS(Furnitura!$E$5:$E$400,Furnitura!$B$5:$B$400,H$4,Furnitura!$C$5:$C$400,$C22) -> 0 | I22: 0 | J22: =SUM(E22:I22) -> 2 | K22: 0 | L22: =J22*(1+K22) -> 2 | M22: So'm (kursga bog'liq) | N22: 100000 | O22: =IF(M22="Dollar",N22*kurs_joriy,IF(M22="So'm (kursga bog'liq)",N22*kurs_joriy/kurs_baza,N22)) -> 100000 | P22: =L22*O22 -> 200000 | Q22: =P22/kurs_joriy -> 16.718214
A23: 19 | B23: Furnitura | C23: ="Yashik napravlyayushiysi — Trimo ("&trimo_naprav&" mm)" -> Yashik napravlyayushiysi — Trimo (400 mm) | D23: juft | E23: =SUMIFS(Furnitura!$E$5:$E$400,Furnitura!$B$5:$B$400,E$4,Furnitura!$C$5:$C$400,$C23) -> 0 | F23: =SUMIFS(Furnitura!$E$5:$E$400,Furnitura!$B$5:$B$400,F$4,Furnitura!$C$5:$C$400,$C23) -> 0 | G23: =SUMIFS(Furnitura!$E$5:$E$400,Furnitura!$B$5:$B$400,G$4,Furnitura!$C$5:$C$400,$C23) -> 3 | H23: =SUMIFS(Furnitura!$E$5:$E$400,Furnitura!$B$5:$B$400,H$4,Furnitura!$C$5:$C$400,$C23) -> 0 | I23: 0 | J23: =SUM(E23:I23) -> 3 | K23: 0 | L23: =J23*(1+K23) -> 3 | M23: So'm (kursga bog'liq) | N23: 110000 | O23: =IF(M23="Dollar",N23*kurs_joriy,IF(M23="So'm (kursga bog'liq)",N23*kurs_joriy/kurs_baza,N23)) -> 110000 | P23: =L23*O23 -> 330000 | Q23: =P23/kurs_joriy -> 27.585054
A24: 20 | B24: Furnitura | C24: ="Yashik napravlyayushiysi — Chester ("&chest_naprav&" mm)" -> Yashik napravlyayushiysi — Chester (450 mm) | D24: juft | E24: =SUMIFS(Furnitura!$E$5:$E$400,Furnitura!$B$5:$B$400,E$4,Furnitura!$C$5:$C$400,$C24) -> 0 | F24: =SUMIFS(Furnitura!$E$5:$E$400,Furnitura!$B$5:$B$400,F$4,Furnitura!$C$5:$C$400,$C24) -> 0 | G24: =SUMIFS(Furnitura!$E$5:$E$400,Furnitura!$B$5:$B$400,G$4,Furnitura!$C$5:$C$400,$C24) -> 0 | H24: =SUMIFS(Furnitura!$E$5:$E$400,Furnitura!$B$5:$B$400,H$4,Furnitura!$C$5:$C$400,$C24) -> 4 | I24: 0 | J24: =SUM(E24:I24) -> 4 | K24: 0 | L24: =J24*(1+K24) -> 4 | M24: So'm (kursga bog'liq) | N24: 120000 | O24: =IF(M24="Dollar",N24*kurs_joriy,IF(M24="So'm (kursga bog'liq)",N24*kurs_joriy/kurs_baza,N24)) -> 120000 | P24: =L24*O24 -> 480000 | Q24: =P24/kurs_joriy -> 40.123715
A25: 21 | B25: Furnitura | C25: Shtanga (kiyim ilgich trubasi) | D25: m | E25: =SUMIFS(Furnitura!$E$5:$E$400,Furnitura!$B$5:$B$400,E$4,Furnitura!$C$5:$C$400,$C25) -> 1.556 | F25: =SUMIFS(Furnitura!$E$5:$E$400,Furnitura!$B$5:$B$400,F$4,Furnitura!$C$5:$C$400,$C25) -> 0 | G25: =SUMIFS(Furnitura!$E$5:$E$400,Furnitura!$B$5:$B$400,G$4,Furnitura!$C$5:$C$400,$C25) -> 0 | H25: =SUMIFS(Furnitura!$E$5:$E$400,Furnitura!$B$5:$B$400,H$4,Furnitura!$C$5:$C$400,$C25) -> 0 | I25: 0 | J25: =SUM(E25:I25) -> 1.556 | K25: 0 | L25: =J25*(1+K25) -> 1.556 | M25: So'm (kursga bog'liq) | N25: 30000 | O25: =IF(M25="Dollar",N25*kurs_joriy,IF(M25="So'm (kursga bog'liq)",N25*kurs_joriy/kurs_baza,N25)) -> 30000 | P25: =L25*O25 -> 46680 | Q25: =P25/kurs_joriy -> 3.9020313
A26: 22 | B26: Furnitura | C26: Shtanga derjateli | D26: dona | E26: =SUMIFS(Furnitura!$E$5:$E$400,Furnitura!$B$5:$B$400,E$4,Furnitura!$C$5:$C$400,$C26) -> 4 | F26: =SUMIFS(Furnitura!$E$5:$E$400,Furnitura!$B$5:$B$400,F$4,Furnitura!$C$5:$C$400,$C26) -> 0 | G26: =SUMIFS(Furnitura!$E$5:$E$400,Furnitura!$B$5:$B$400,G$4,Furnitura!$C$5:$C$400,$C26) -> 0 | H26: =SUMIFS(Furnitura!$E$5:$E$400,Furnitura!$B$5:$B$400,H$4,Furnitura!$C$5:$C$400,$C26) -> 0 | I26: 0 | J26: =SUM(E26:I26) -> 4 | K26: 0 | L26: =J26*(1+K26) -> 4 | M26: So'm (kursga bog'liq) | N26: 10000 | O26: =IF(M26="Dollar",N26*kurs_joriy,IF(M26="So'm (kursga bog'liq)",N26*kurs_joriy/kurs_baza,N26)) -> 10000 | P26: =L26*O26 -> 40000 | Q26: =P26/kurs_joriy -> 3.3436429
A27: 23 | B27: Furnitura | C27: Polka derjateli | D27: dona | E27: =SUMIFS(Furnitura!$E$5:$E$400,Furnitura!$B$5:$B$400,E$4,Furnitura!$C$5:$C$400,$C27) -> 16 | F27: =SUMIFS(Furnitura!$E$5:$E$400,Furnitura!$B$5:$B$400,F$4,Furnitura!$C$5:$C$400,$C27) -> 0 | G27: =SUMIFS(Furnitura!$E$5:$E$400,Furnitura!$B$5:$B$400,G$4,Furnitura!$C$5:$C$400,$C27) -> 8 | H27: =SUMIFS(Furnitura!$E$5:$E$400,Furnitura!$B$5:$B$400,H$4,Furnitura!$C$5:$C$400,$C27) -> 0 | I27: 0 | J27: =SUM(E27:I27) -> 24 | K27: 0 | L27: =J27*(1+K27) -> 24 | M27: So'm (kursga bog'liq) | N27: 500 | O27: =IF(M27="Dollar",N27*kurs_joriy,IF(M27="So'm (kursga bog'liq)",N27*kurs_joriy/kurs_baza,N27)) -> 500 | P27: =L27*O27 -> 12000 | Q27: =P27/kurs_joriy -> 1.0030929
A28: 24 | B28: Furnitura | C28: Konfirmat 7×50 | D28: dona | E28: =SUMIFS(Furnitura!$E$5:$E$400,Furnitura!$B$5:$B$400,E$4,Furnitura!$C$5:$C$400,$C28) -> 48 | F28: =SUMIFS(Furnitura!$E$5:$E$400,Furnitura!$B$5:$B$400,F$4,Furnitura!$C$5:$C$400,$C28) -> 20 | G28: =SUMIFS(Furnitura!$E$5:$E$400,Furnitura!$B$5:$B$400,G$4,Furnitura!$C$5:$C$400,$C28) -> 32 | H28: =SUMIFS(Furnitura!$E$5:$E$400,Furnitura!$B$5:$B$400,H$4,Furnitura!$C$5:$C$400,$C28) -> 28 | I28: 0 | J28: =SUM(E28:I28) -> 128 | K28: 0 | L28: =J28*(1+K28) -> 128 | M28: So'm (kursga bog'liq) | N28: 2000 | O28: =IF(M28="Dollar",N28*kurs_joriy,IF(M28="So'm (kursga bog'liq)",N28*kurs_joriy/kurs_baza,N28)) -> 2000 | P28: =L28*O28 -> 256000 | Q28: =P28/kurs_joriy -> 21.399315
A29: 25 | B29: Furnitura | C29: Konfirmat zaglushkasi | D29: dona | E29: =SUMIFS(Furnitura!$E$5:$E$400,Furnitura!$B$5:$B$400,E$4,Furnitura!$C$5:$C$400,$C29) -> 48 | F29: =SUMIFS(Furnitura!$E$5:$E$400,Furnitura!$B$5:$B$400,F$4,Furnitura!$C$5:$C$400,$C29) -> 12 | G29: =SUMIFS(Furnitura!$E$5:$E$400,Furnitura!$B$5:$B$400,G$4,Furnitura!$C$5:$C$400,$C29) -> 20 | H29: =SUMIFS(Furnitura!$E$5:$E$400,Furnitura!$B$5:$B$400,H$4,Furnitura!$C$5:$C$400,$C29) -> 12 | I29: 0 | J29: =SUM(E29:I29) -> 92 | K29: 0 | L29: =J29*(1+K29) -> 92 | M29: So'm (kursga bog'liq) | N29: 2000 | O29: =IF(M29="Dollar",N29*kurs_joriy,IF(M29="So'm (kursga bog'liq)",N29*kurs_joriy/kurs_baza,N29)) -> 2000 | P29: =L29*O29 -> 184000 | Q29: =P29/kurs_joriy -> 15.380757
A30: 26 | B30: Furnitura | C30: Shurup 3.5×16 | D30: dona | E30: =SUMIFS(Furnitura!$E$5:$E$400,Furnitura!$B$5:$B$400,E$4,Furnitura!$C$5:$C$400,$C30) -> 132 | F30: =SUMIFS(Furnitura!$E$5:$E$400,Furnitura!$B$5:$B$400,F$4,Furnitura!$C$5:$C$400,$C30) -> 32 | G30: =SUMIFS(Furnitura!$E$5:$E$400,Furnitura!$B$5:$B$400,G$4,Furnitura!$C$5:$C$400,$C30) -> 64 | H30: =SUMIFS(Furnitura!$E$5:$E$400,Furnitura!$B$5:$B$400,H$4,Furnitura!$C$5:$C$400,$C30) -> 64 | I30: 0 | J30: =SUM(E30:I30) -> 292 | K30: 0 | L30: =J30*(1+K30) -> 292 | M30: So'm (kursga bog'liq) | N30: 80 | O30: =IF(M30="Dollar",N30*kurs_joriy,IF(M30="So'm (kursga bog'liq)",N30*kurs_joriy/kurs_baza,N30)) -> 80 | P30: =L30*O30 -> 23360 | Q30: =P30/kurs_joriy -> 1.9526875
A31: 27 | B31: Furnitura | C31: DVP mixi / skobasi | D31: dona | E31: =SUMIFS(Furnitura!$E$5:$E$400,Furnitura!$B$5:$B$400,E$4,Furnitura!$C$5:$C$400,$C31) -> 180 | F31: =SUMIFS(Furnitura!$E$5:$E$400,Furnitura!$B$5:$B$400,F$4,Furnitura!$C$5:$C$400,$C31) -> 54 | G31: =SUMIFS(Furnitura!$E$5:$E$400,Furnitura!$B$5:$B$400,G$4,Furnitura!$C$5:$C$400,$C31) -> 102 | H31: =SUMIFS(Furnitura!$E$5:$E$400,Furnitura!$B$5:$B$400,H$4,Furnitura!$C$5:$C$400,$C31) -> 131 | I31: 0 | J31: =SUM(E31:I31) -> 467 | K31: 0 | L31: =J31*(1+K31) -> 467 | M31: So'm (kursga bog'liq) | N31: 40 | O31: =IF(M31="Dollar",N31*kurs_joriy,IF(M31="So'm (kursga bog'liq)",N31*kurs_joriy/kurs_baza,N31)) -> 40 | P31: =L31*O31 -> 18680 | Q31: =P31/kurs_joriy -> 1.5614812
A32: 28 | B32: Furnitura | C32: Oyna kleyi (germetik) | D32: tuba | E32: =SUMIFS(Furnitura!$E$5:$E$400,Furnitura!$B$5:$B$400,E$4,Furnitura!$C$5:$C$400,$C32) -> 1 | F32: =SUMIFS(Furnitura!$E$5:$E$400,Furnitura!$B$5:$B$400,F$4,Furnitura!$C$5:$C$400,$C32) -> 0 | G32: =SUMIFS(Furnitura!$E$5:$E$400,Furnitura!$B$5:$B$400,G$4,Furnitura!$C$5:$C$400,$C32) -> 0 | H32: =SUMIFS(Furnitura!$E$5:$E$400,Furnitura!$B$5:$B$400,H$4,Furnitura!$C$5:$C$400,$C32) -> 0 | I32: 0 | J32: =SUM(E32:I32) -> 1 | K32: 0 | L32: =J32*(1+K32) -> 1 | M32: So'm (kursga bog'liq) | N32: 50000 | O32: =IF(M32="Dollar",N32*kurs_joriy,IF(M32="So'm (kursga bog'liq)",N32*kurs_joriy/kurs_baza,N32)) -> 50000 | P32: =L32*O32 -> 50000 | Q32: =P32/kurs_joriy -> 4.1795536
A33: 29 | B33: Xizmat | C33: Oyna qirrasini silliqlash (xizmat) | D33: m | E33: =SUMIFS(Furnitura!$E$5:$E$400,Furnitura!$B$5:$B$400,E$4,Furnitura!$C$5:$C$400,$C33) -> 8.4 | F33: =SUMIFS(Furnitura!$E$5:$E$400,Furnitura!$B$5:$B$400,F$4,Furnitura!$C$5:$C$400,$C33) -> 0 | G33: =SUMIFS(Furnitura!$E$5:$E$400,Furnitura!$B$5:$B$400,G$4,Furnitura!$C$5:$C$400,$C33) -> 0 | H33: =SUMIFS(Furnitura!$E$5:$E$400,Furnitura!$B$5:$B$400,H$4,Furnitura!$C$5:$C$400,$C33) -> 0 | I33: 0 | J33: =SUM(E33:I33) -> 8.4 | K33: 0 | L33: =J33*(1+K33) -> 8.4 | M33: So'm (qat'iy) | N33: 5000 | O33: =IF(M33="Dollar",N33*kurs_joriy,IF(M33="So'm (kursga bog'liq)",N33*kurs_joriy/kurs_baza,N33)) -> 5000 | P33: =L33*O33 -> 42000 | Q33: =P33/kurs_joriy -> 3.510825
A34: 30 | B34: Xizmat | C34: Bo'yash xizmati (tashqi) | D34: m² | E34: =SUMIFS(Detallar!$Q$5:$Q$300,Detallar!$B$5:$B$300,E$4,Detallar!$E$5:$E$300,"Yuz")*shkaf_kyuz+SUMIFS(Detallar!$Q$5:$Q$300,Detallar!$B$5:$B$300,E$4,Detallar!$E$5:$E$300,"Yon")*shkaf_kyon -> 16.342668 | F34: =SUMIFS(Detallar!$Q$5:$Q$300,Detallar!$B$5:$B$300,F$4,Detallar!$E$5:$E$300,"Yuz")*tumba_kyuz+SUMIFS(Detallar!$Q$5:$Q$300,Detallar!$B$5:$B$300,F$4,Detallar!$E$5:$E$300,"Yon")*tumba_kyon -> 2.022948 | G34: =SUMIFS(Detallar!$Q$5:$Q$300,Detallar!$B$5:$B$300,G$4,Detallar!$E$5:$E$300,"Yuz")*trimo_kyuz+SUMIFS(Detallar!$Q$5:$Q$300,Detallar!$B$5:$B$300,G$4,Detallar!$E$5:$E$300,"Yon")*trimo_kyon -> 5.773012 | H34: =SUMIFS(Detallar!$Q$5:$Q$300,Detallar!$B$5:$B$300,H$4,Detallar!$E$5:$E$300,"Yuz")*chest_kyuz+SUMIFS(Detallar!$Q$5:$Q$300,Detallar!$B$5:$B$300,H$4,Detallar!$E$5:$E$300,"Yon")*chest_kyon -> 4.543 | I34: 0 | J34: =SUM(E34:I34) -> 28.681628 | K34: 0 | L34: =J34*(1+K34) -> 28.681628 | M34: So'm (qat'iy) | O34: =IF(M34="Dollar",N34*kurs_joriy,IF(M34="So'm (kursga bog'liq)",N34*kurs_joriy/kurs_baza,N34)) -> 0 | P34: =L34*O34 -> 0 | Q34: =P34/kurs_joriy -> 0 | R34: 1 m² bo'yaladigan yuza uchun. Bo'yashni usta o'zi qilsa va bu uning % ichida bo'lsa — bo'sh qoldiring
A35: 31 | B35: Xizmat | C35: Raskroy (kesish) xizmati | D35: list | E35: =E5+E6 -> 2.7726001 | F35: =F5+F6 -> 0.29118875 | G35: =G5+G6 -> 0.92537992 | H35: =H5+H6 -> 0.69172326 | I35: 0 | J35: =SUM(E35:I35) -> 4.680892 | K35: =K5 -> 0.15 | L35: =J35*(1+K35) -> 5.3830258 | M35: So'm (qat'iy) | O35: =IF(M35="Dollar",N35*kurs_joriy,IF(M35="So'm (kursga bog'liq)",N35*kurs_joriy/kurs_baza,N35)) -> 0 | P35: =L35*O35 -> 0 | Q35: =P35/kurs_joriy -> 0 | R35: LDSP + MDF listlari
C37: Xom ashyo (shu varaq bo'yicha), so'm | E37: =SUMPRODUCT(E$5:E$35,1+$K$5:$K$35,$O$5:$O$35) -> 2169528.6 | F37: =SUMPRODUCT(F$5:F$35,1+$K$5:$K$35,$O$5:$O$35) -> 468116.39 | G37: =SUMPRODUCT(G$5:G$35,1+$K$5:$K$35,$O$5:$O$35) -> 1065818.7 | H37: =SUMPRODUCT(H$5:H$35,1+$K$5:$K$35,$O$5:$O$35) -> 1052132.8 | I37: =SUMPRODUCT(I$5:I$35,1+$K$5:$K$35,$O$5:$O$35) -> 0 | J37: =SUM(E37:I37) -> 4755596.5 | P37: =SUM(P5:P35) -> 4755596.5 | R37: =IF(ABS(J37-P37)<1,"Tekshiruv: OK","Tekshiruv: FARQ BOR") -> Tekshiruv: OK
C38: Narxi 0 yoki kiritilmagan, lekin kerak bo'lgan qatorlar | D38: =SUMPRODUCT((($E$5:$E$35+$F$5:$F$35+$G$5:$G$35+$H$5:$H$35)>0)*($O$5:$O$35=0)) -> 9

Sheet Oshxona narxlari
A1: Oshxona mebeli — 1 pogon metr narxlari
A2: Narx 1 metr uzunlik uchun, dollarda. Xomashyo, balandlik va narxni o'zgartirish yoki yangi qator qo'shish mumkin — Oshxona varag'i avtomatik yangilanadi. Yangi xomashyo yoki balandlik qo'shsangiz, o'ng tomondagi ro'yxatga ham yozing.
A4: Xomashyo | B4: Balandligi (m) | C4: 1 m narxi ($) | D4: Izoh | F4: Xomashyo turlari | G4: Balandliklar (m)
A5: Akril | B5: 2.2 | C5: 252 | D5: Sizning faylingizdan | F5: Akril | G5: 2.2
A6: Akril | B6: 3.1 | C6: 336 | D6: Sizning faylingizdan | F6: Laminat | G6: 3.1
A7: Laminat | B7: 2.2 | C7: 210 | D7: Sizning faylingizdan | F7: MDF
A8: Laminat | B8: 3.1 | C8: 252 | D8: Sizning faylingizdan
A9: MDF | B9: 2.2 | C9: 400 | D9: Sizning faylingizdan
A10: MDF | B10: 3.1 | C10: 500 | D10: Sizning faylingizdan

Sheet Tannarx
A1: Tannarx — mahsulot bo'yicha (paneldagi buyurtma)
A2: Narx zanjiri: Xom ashyo → + Usta haqi (xom ashyo × usta %) = TAN NARX → + Baraka Mebel ustamasi = SOTUV NARXI (naqd, yaxlitlangan). Krasheniy tanlangan mahsulot xom ashyosi Krasheniy varag'idan, qolganlari Laminat varag'idan.
A4: Ko'rsatkich | B4: Shkaf | C4: Krovat | D4: Matras | E4: Tumbochka | F4: Trimo | G4: Chester | H4: Pufik | I4: Stoyka oyna | J4: Qadoqlash | K4: Jami | L4: Butun list (otxod bilan)
A5: Soni (paneldan) | B5: =shkaf_soni -> 1 | C5: =krovat_soni -> 1 | D5: =IF(p_matras="Yo'q",0,krovat_soni) -> 1 | E5: =tumba_soni -> 1 | F5: =trimo_soni -> 1 | G5: =chest_soni -> 1 | H5: =pufik_soni -> 1 | I5: =oyna_soni -> 1
A6: Buyurtmadagi variant | B6: =IF(shkaf_kra=1,"Krasheniy","Laminat") -> Laminat | C6: Laminat | D6: Laminat | E6: =IF(tumba_kra=1,"Krasheniy","Laminat") -> Laminat | F6: =IF(trimo_kra=1,"Krasheniy","Laminat") -> Laminat | G6: =IF(chest_kra=1,"Krasheniy","Laminat") -> Laminat | H6: Laminat | I6: Laminat | J6: Laminat
A7: Xom ashyo (buyurtma) | B7: ='Laminat xom ashyo'!E51*(1-shkaf_kra)+'Krasheniy xom ashyo'!E37*shkaf_kra -> 3059239 | C7: ='Laminat xom ashyo'!F51 -> 1182540.8 | D7: ='Laminat xom ashyo'!G51 -> 1200000 | E7: ='Laminat xom ashyo'!H51*(1-tumba_kra)+'Krasheniy xom ashyo'!F37*tumba_kra -> 578169.11 | F7: ='Laminat xom ashyo'!I51*(1-trimo_kra)+'Krasheniy xom ashyo'!G37*trimo_kra -> 1382242.8 | G7: ='Laminat xom ashyo'!J51*(1-chest_kra)+'Krasheniy xom ashyo'!H37*chest_kra -> 1301468.5 | H7: ='Laminat xom ashyo'!K51 -> 185309.22 | I7: ='Laminat xom ashyo'!L51 -> 411547.14 | J7: ='Laminat xom ashyo'!M51 -> 355000 | K7: =SUM(B7:J7) -> 9655516.5
A8: Usta haqi hisoblanadimi (1 = ha, 0 = yo'q) | B8: 1 | C8: 1 | D8: 0 | E8: 1 | F8: 1 | G8: 1 | H8: 1 | I8: 1 | J8: 1 | L8: Matras tayyor olinadi — usta haqi yo'q
A9: Usta haqi (xom ashyo × usta %) | B9: =B7*usta_foiz*B8 -> 0 | C9: =C7*usta_foiz*C8 -> 0 | D9: =D7*usta_foiz*D8 -> 0 | E9: =E7*usta_foiz*E8 -> 0 | F9: =F7*usta_foiz*F8 -> 0 | G9: =G7*usta_foiz*G8 -> 0 | H9: =H7*usta_foiz*H8 -> 0 | I9: =I7*usta_foiz*I8 -> 0 | J9: =J7*usta_foiz*J8 -> 0 | K9: =SUM(B9:J9) -> 0
A10: TAN NARX | B10: =B7+B9 -> 3059239 | C10: =C7+C9 -> 1182540.8 | D10: =D7+D9 -> 1200000 | E10: =E7+E9 -> 578169.11 | F10: =F7+F9 -> 1382242.8 | G10: =G7+G9 -> 1301468.5 | H10: =H7+H9 -> 185309.22 | I10: =I7+I9 -> 411547.14 | J10: =J7+J9 -> 355000 | K10: =SUM(B10:J10) -> 9655516.5
A11: Tan narx — 1 dona | B11: =IF(B5=0,0,B10/B5) -> 3059239 | C11: =IF(C5=0,0,C10/C5) -> 1182540.8 | D11: =IF(D5=0,0,D10/D5) -> 1200000 | E11: =IF(E5=0,0,E10/E5) -> 578169.11 | F11: =IF(F5=0,0,F10/F5) -> 1382242.8 | G11: =IF(G5=0,0,G10/G5) -> 1301468.5 | H11: =IF(H5=0,0,H10/H5) -> 185309.22 | I11: =IF(I5=0,0,I10/I5) -> 411547.14 | J11: =J10 -> 355000
A12: Sotuv narxi — 1 dona (naqd) | B12: =IF(B5=0,0,ROUNDUP(B10*(1+savdo_ustama)/B5/yaxlit,0)*yaxlit) -> 3060000 | C12: =IF(C5=0,0,ROUNDUP(C10*(1+savdo_ustama)/C5/yaxlit,0)*yaxlit) -> 1183000 | D12: =IF(D5=0,0,ROUNDUP(D10*(1+savdo_ustama)/D5/yaxlit,0)*yaxlit) -> 1200000 | E12: =IF(E5=0,0,ROUNDUP(E10*(1+savdo_ustama)/E5/yaxlit,0)*yaxlit) -> 579000 | F12: =IF(F5=0,0,ROUNDUP(F10*(1+savdo_ustama)/F5/yaxlit,0)*yaxlit) -> 1383000 | G12: =IF(G5=0,0,ROUNDUP(G10*(1+savdo_ustama)/G5/yaxlit,0)*yaxlit) -> 1302000 | H12: =IF(H5=0,0,ROUNDUP(H10*(1+savdo_ustama)/H5/yaxlit,0)*yaxlit) -> 186000 | I12: =IF(I5=0,0,ROUNDUP(I10*(1+savdo_ustama)/I5/yaxlit,0)*yaxlit) -> 412000 | J12: =ROUNDUP(J10*(1+savdo_ustama)/yaxlit,0)*yaxlit -> 355000
A13: SOTUV NARXI (naqd) | B13: =B12*B5 -> 3060000 | C13: =C12*C5 -> 1183000 | D13: =D12*D5 -> 1200000 | E13: =E12*E5 -> 579000 | F13: =F12*F5 -> 1383000 | G13: =G12*G5 -> 1302000 | H13: =H12*H5 -> 186000 | I13: =I12*I5 -> 412000 | J13: =J12 -> 355000 | K13: =SUM(B13:J13) -> 9660000
A14: Baraka ustamasi (yaxlitlash bilan) | B14: =B13-B10 -> 761.02724 | C14: =C13-C10 -> 459.19537 | D14: =D13-D10 -> 0 | E14: =E13-E10 -> 830.89034 | F14: =F13-F10 -> 757.2322 | G14: =G13-G10 -> 531.54252 | H14: =H13-H10 -> 690.78006 | I14: =I13-I10 -> 452.85714 | J14: =J13-J10 -> 0 | K14: =SUM(B14:J14) -> 4483.5249
A15: Tan narx ($, joriy kurs) | B15: =B10/kurs_joriy -> 255.72507 | C15: =C10/kurs_joriy -> 98.849854 | D15: =D10/kurs_joriy -> 100.30929 | E15: =E10/kurs_joriy -> 48.329776 | F15: =F10/kurs_joriy -> 115.54316 | G15: =G10/kurs_joriy -> 108.79114 | H15: =H10/kurs_joriy -> 15.490196 | I15: =I10/kurs_joriy -> 34.401667 | J15: =J10/kurs_joriy -> 29.674831 | K15: =SUM(B15:J15) -> 807.11498
A17: Variantlar taqqoslash (shu o'lcham va soni uchun)
A18: Laminat bo'lsa — tan narx | B18: ='Laminat xom ashyo'!E51*(1+usta_foiz*B8) -> 3059239 | C18: ='Laminat xom ashyo'!F51*(1+usta_foiz*C8) -> 1182540.8 | D18: ='Laminat xom ashyo'!G51*(1+usta_foiz*D8) -> 1200000 | E18: ='Laminat xom ashyo'!H51*(1+usta_foiz*E8) -> 578169.11 | F18: ='Laminat xom ashyo'!I51*(1+usta_foiz*F8) -> 1382242.8 | G18: ='Laminat xom ashyo'!J51*(1+usta_foiz*G8) -> 1301468.5 | H18: ='Laminat xom ashyo'!K51*(1+usta_foiz*H8) -> 185309.22 | I18: ='Laminat xom ashyo'!L51*(1+usta_foiz*I8) -> 411547.14 | J18: ='Laminat xom ashyo'!M51*(1+usta_foiz*J8) -> 355000 | K18: =SUM(B18:J18) -> 9655516.5
A19: Laminat bo'lsa — sotuv narxi (naqd) | B19: =IF(B5=0,0,ROUNDUP(B18*(1+savdo_ustama)/B5/yaxlit,0)*yaxlit*B5) -> 3060000 | C19: =IF(C5=0,0,ROUNDUP(C18*(1+savdo_ustama)/C5/yaxlit,0)*yaxlit*C5) -> 1183000 | D19: =IF(D5=0,0,ROUNDUP(D18*(1+savdo_ustama)/D5/yaxlit,0)*yaxlit*D5) -> 1200000 | E19: =IF(E5=0,0,ROUNDUP(E18*(1+savdo_ustama)/E5/yaxlit,0)*yaxlit*E5) -> 579000 | F19: =IF(F5=0,0,ROUNDUP(F18*(1+savdo_ustama)/F5/yaxlit,0)*yaxlit*F5) -> 1383000 | G19: =IF(G5=0,0,ROUNDUP(G18*(1+savdo_ustama)/G5/yaxlit,0)*yaxlit*G5) -> 1302000 | H19: =IF(H5=0,0,ROUNDUP(H18*(1+savdo_ustama)/H5/yaxlit,0)*yaxlit*H5) -> 186000 | I19: =IF(I5=0,0,ROUNDUP(I18*(1+savdo_ustama)/I5/yaxlit,0)*yaxlit*I5) -> 412000 | J19: =ROUNDUP(J18*(1+savdo_ustama)/yaxlit,0)*yaxlit -> 355000 | K19: =SUM(B19:J19) -> 9660000
A20: Krasheniy varag'i hisoblagan qism | B20: ='Krasheniy xom ashyo'!E3 -> to'liq (taqqoslash) | C20: — | D20: — | E20: ='Krasheniy xom ashyo'!F3 -> to'liq (taqqoslash) | F20: ='Krasheniy xom ashyo'!G3 -> to'liq (taqqoslash) | G20: ='Krasheniy xom ashyo'!H3 -> to'liq (taqqoslash) | H20: — | I20: — | J20: —
A21: Krasheniy bo'lsa — tan narx | B21: ='Krasheniy xom ashyo'!E37*(1+usta_foiz*B8) -> 2169528.6 | C21: 0 | D21: 0 | E21: ='Krasheniy xom ashyo'!F37*(1+usta_foiz*E8) -> 468116.39 | F21: ='Krasheniy xom ashyo'!G37*(1+usta_foiz*F8) -> 1065818.7 | G21: ='Krasheniy xom ashyo'!H37*(1+usta_foiz*G8) -> 1052132.8 | H21: 0 | I21: 0 | J21: 0 | K21: =SUM(B21:J21) -> 4755596.5
A22: Krasheniy bo'lsa — sotuv narxi (naqd) | B22: =IF(B5=0,0,ROUNDUP(B21*(1+savdo_ustama)/B5/yaxlit,0)*yaxlit*B5) -> 2170000 | C22: 0 | D22: 0 | E22: =IF(E5=0,0,ROUNDUP(E21*(1+savdo_ustama)/E5/yaxlit,0)*yaxlit*E5) -> 469000 | F22: =IF(F5=0,0,ROUNDUP(F21*(1+savdo_ustama)/F5/yaxlit,0)*yaxlit*F5) -> 1066000 | G22: =IF(G5=0,0,ROUNDUP(G21*(1+savdo_ustama)/G5/yaxlit,0)*yaxlit*G5) -> 1053000 | H22: 0 | I22: 0 | J22: 0 | K22: =SUM(B22:J22) -> 4758000
A24: Buyurtma uchun plita (list, otxodsiz)
A25: LDSP 16mm | B25: ='Laminat xom ashyo'!E5*(1-shkaf_kra)+'Krasheniy xom ashyo'!E5*shkaf_kra -> 2.7726001 | C25: ='Laminat xom ashyo'!F5 -> 1.0742236 | D25: ='Laminat xom ashyo'!G5 -> 0 | E25: ='Laminat xom ashyo'!H5*(1-tumba_kra)+'Krasheniy xom ashyo'!F5*tumba_kra -> 0.29118875 | F25: ='Laminat xom ashyo'!I5*(1-trimo_kra)+'Krasheniy xom ashyo'!G5*trimo_kra -> 0.92537992 | G25: ='Laminat xom ashyo'!J5*(1-chest_kra)+'Krasheniy xom ashyo'!H5*chest_kra -> 0.69172326 | H25: ='Laminat xom ashyo'!K5 -> 0.12035887 | I25: ='Laminat xom ashyo'!L5 -> 0.23809524 | J25: ='Laminat xom ashyo'!M5 -> 0 | K25: =SUM(B25:J25) -> 6.1135697 | L25: =ROUNDUP(K25*(1+'Laminat xom ashyo'!O5),0) -> 8
A26: MDF 16mm | B26: ='Krasheniy xom ashyo'!E6*shkaf_kra -> 0 | C26: =0 -> 0 | D26: =0 -> 0 | E26: ='Krasheniy xom ashyo'!F6*tumba_kra -> 0 | F26: ='Krasheniy xom ashyo'!G6*trimo_kra -> 0 | G26: ='Krasheniy xom ashyo'!H6*chest_kra -> 0 | H26: =0 -> 0 | I26: =0 -> 0 | J26: =0 -> 0 | K26: =SUM(B26:J26) -> 0 | L26: =ROUNDUP(K26*(1+'Krasheniy xom ashyo'!K6),0) -> 0
A27: DSP — oddiy kapot | B27: ='Laminat xom ashyo'!E6*(1-shkaf_kra)+'Krasheniy xom ashyo'!E11*shkaf_kra -> 0 | C27: ='Laminat xom ashyo'!F6 -> 0.71685087 | D27: ='Laminat xom ashyo'!G6 -> 0 | E27: ='Laminat xom ashyo'!H6*(1-tumba_kra)+'Krasheniy xom ashyo'!F11*tumba_kra -> 0 | F27: ='Laminat xom ashyo'!I6*(1-trimo_kra)+'Krasheniy xom ashyo'!G11*trimo_kra -> 0 | G27: ='Laminat xom ashyo'!J6*(1-chest_kra)+'Krasheniy xom ashyo'!H11*chest_kra -> 0 | H27: ='Laminat xom ashyo'!K6 -> 0 | I27: ='Laminat xom ashyo'!L6 -> 0 | J27: ='Laminat xom ashyo'!M6 -> 0 | K27: =SUM(B27:J27) -> 0.71685087 | L27: =ROUNDUP(K27*(1+'Laminat xom ashyo'!O6),0) -> 1
A28: DSP — nasosli kapot | B28: ='Laminat xom ashyo'!E7*(1-shkaf_kra)+'Krasheniy xom ashyo'!E12*shkaf_kra -> 0 | C28: ='Laminat xom ashyo'!F7 -> 0 | D28: ='Laminat xom ashyo'!G7 -> 0 | E28: ='Laminat xom ashyo'!H7*(1-tumba_kra)+'Krasheniy xom ashyo'!F12*tumba_kra -> 0 | F28: ='Laminat xom ashyo'!I7*(1-trimo_kra)+'Krasheniy xom ashyo'!G12*trimo_kra -> 0 | G28: ='Laminat xom ashyo'!J7*(1-chest_kra)+'Krasheniy xom ashyo'!H12*chest_kra -> 0 | H28: ='Laminat xom ashyo'!K7 -> 0 | I28: ='Laminat xom ashyo'!L7 -> 0 | J28: ='Laminat xom ashyo'!M7 -> 0 | K28: =SUM(B28:J28) -> 0 | L28: =ROUNDUP(K28*(1+'Laminat xom ashyo'!O7),0) -> 0
A29: DVP 3mm | B29: ='Laminat xom ashyo'!E8*(1-shkaf_kra)+'Krasheniy xom ashyo'!E7*shkaf_kra -> 1.1237647 | C29: ='Laminat xom ashyo'!F8 -> 0 | D29: ='Laminat xom ashyo'!G8 -> 0 | E29: ='Laminat xom ashyo'!H8*(1-tumba_kra)+'Krasheniy xom ashyo'!F7*tumba_kra -> 0.12795028 | F29: ='Laminat xom ashyo'!I8*(1-trimo_kra)+'Krasheniy xom ashyo'!G7*trimo_kra -> 0.40200579 | G29: ='Laminat xom ashyo'!J8*(1-chest_kra)+'Krasheniy xom ashyo'!H7*chest_kra -> 0.45337619 | H29: ='Laminat xom ashyo'!K8 -> 0.034286939 | I29: ='Laminat xom ashyo'!L8 -> 0 | J29: ='Laminat xom ashyo'!M8 -> 0 | K29: =SUM(B29:J29) -> 2.1413839 | L29: =ROUNDUP(K29*(1+'Laminat xom ashyo'!O8),0) -> 3
A31: Laminat varag'ida narxi yo'q qatorlar | B31: ='Laminat xom ashyo'!D52 -> 3
A32: Krasheniy varag'ida narxi yo'q qatorlar | B32: ='Krasheniy xom ashyo'!D38 -> 9
A33: Buyurtmada krasheniy mahsulot bormi (1/0) | B33: =IF(shkaf_kra+tumba_kra+trimo_kra+chest_kra>0,1,0) -> 0
A34: Tekshiruv: Furnitura ikkala varaqqa to'liq tushdimi | B34: =IF(AND(ABS(SUM(Furnitura!$E$5:$E$400)-SUM('Laminat xom ashyo'!N12:N42,'Laminat xom ashyo'!N47:N48))<0.001,ABS(SUMIFS(Furnitura!$E$5:$E$400,Furnitura!$B$5:$B$400,"Shkaf")+SUMIFS(Furnitura!$E$5:$E$400,Furnitura!$B$5:$B$400,"Tumbochka")+SUMIFS(Furnitura!$E$5:$E$400,Furnitura!$B$5:$B$400,"Trimo")+SUMIFS(Furnitura!$E$5:$E$400,Furnitura!$B$5:$B$400,"Chester")+SUMIFS(Furnitura!$E$5:$E$400,Furnitura!$B$5:$B$400,"Krovat",Furnitura!$C$5:$C$400,"Kapot ko'tarish mexanizmi (nasos)")-SUM('Krasheniy xom ashyo'!J13,'Krasheniy xom ashyo'!J20:J33))<0.001),"OK","XATO") -> OK
A36: Buyurtma ro'yxati (Mijoz uchun varag'i shu yerdan oladi)
A37: Mahsulot | B37: Tavsif | C37: Soni | D37: 1 dona narxi | E37: Summa (naqd) | F37: Tartib
A38: Shkaf | B38: =p_shkaf_W&"×"&p_shkaf_D&"×"&p_shkaf_H&" sm, "&p_shkaf_eshik&" eshik, "&p_shkaf_oyna&" oyna"&IF(AND(p_shkaf_yuz="Krasheniy",p_shkaf_yon="Krasheniy"),", to'liq krasheniy",IF(p_shkaf_yuz="Krasheniy",", yuzi krasheniy",IF(p_shkaf_yon="Krasheniy",", yoni krasheniy",", laminat"))) -> 240×60×220 sm, 6 eshik, 2 oyna, laminat | C38: =B5 -> 1 | D38: =B12 -> 3060000 | E38: =B13 -> 3060000 | F38: =IF(E38>0,COUNTIF(E$38:E38,">0"),"") -> 1
A39: Krovat | B39: =p_krovat_W&"×"&p_krovat_L&" sm, spinka "&p_krovat_spinka&" sm"&IF(krovat_fig=1,", figurali","")&IF(krovat_nasos=1,", nasosli kapot",", oddiy kapot") -> 170×220 sm, spinka 150 sm, figurali, oddiy kapot | C39: =C5 -> 1 | D39: =C12 -> 1183000 | E39: =C13 -> 1183000 | F39: =IF(E39>0,COUNTIF(E$38:E39,">0"),"") -> 2
A40: Matras | B40: =IF(p_matras="Yo'q","—",p_matras&" sm") -> 180x200 sm | C40: =D5 -> 1 | D40: =D12 -> 1200000 | E40: =D13 -> 1200000 | F40: =IF(E40>0,COUNTIF(E$38:E40,">0"),"") -> 3
A41: Tumbochka | B41: =tumba_W/10&"×"&tumba_D/10&"×"&tumba_H/10&" sm, "&tumba_yashik&" yashik"&IF(AND(p_tumba_yuz="Krasheniy",p_tumba_yon="Krasheniy"),", to'liq krasheniy",IF(p_tumba_yuz="Krasheniy",", yuzi krasheniy",IF(p_tumba_yon="Krasheniy",", yoni krasheniy",", laminat"))) -> 50×40×60 sm, 2 yashik, laminat | C41: =E5 -> 1 | D41: =E12 -> 579000 | E41: =E13 -> 579000 | F41: =IF(E41>0,COUNTIF(E$38:E41,">0"),"") -> 4
A42: Trimo | B42: =p_trimo_W&"×"&p_trimo_D&"×"&p_trimo_H&" sm"&IF(AND(p_trimo_yuz="Krasheniy",p_trimo_yon="Krasheniy"),", to'liq krasheniy",IF(p_trimo_yuz="Krasheniy",", yuzi krasheniy",IF(p_trimo_yon="Krasheniy",", yoni krasheniy",", laminat"))) -> 160×45×83 sm, laminat | C42: =F5 -> 1 | D42: =F12 -> 1383000 | E42: =F13 -> 1383000 | F42: =IF(E42>0,COUNTIF(E$38:E42,">0"),"") -> 5
A43: Chester | B43: =chest_W/10&"×"&chest_D/10&"×"&chest_H/10&" sm, "&chest_yashik&" yashik"&IF(AND(p_chest_yuz="Krasheniy",p_chest_yon="Krasheniy"),", to'liq krasheniy",IF(p_chest_yuz="Krasheniy",", yuzi krasheniy",IF(p_chest_yon="Krasheniy",", yoni krasheniy",", laminat"))) -> 80×50×100 sm, 4 yashik, laminat | C43: =G5 -> 1 | D43: =G12 -> 1302000 | E43: =G13 -> 1302000 | F43: =IF(E43>0,COUNTIF(E$38:E43,">0"),"") -> 6
A44: Pufik | B44: =pufik_W/10&"×"&pufik_W/10&"×"&pufik_H/10&" sm" -> 40×40×45 sm | C44: =H5 -> 1 | D44: =H12 -> 186000 | E44: =H13 -> 186000 | F44: =IF(E44>0,COUNTIF(E$38:E44,">0"),"") -> 7
A45: Stoyka oyna | B45: =oyna_H/10&"×"&oyna_W/10&" sm" -> 160×50 sm | C45: =I5 -> 1 | D45: =I12 -> 412000 | E45: =I13 -> 412000 | F45: =IF(E45>0,COUNTIF(E$38:E45,">0"),"") -> 8
A46: Qadoqlash | B46: Butun buyurtma uchun | C46: =IF(J13>0,1,0) -> 1 | D46: =J12 -> 355000 | E46: =J13 -> 355000 | F46: =IF(E46>0,COUNTIF(E$38:E46,">0"),"") -> 9

Sheet Korpus hisob
A1: Korpus hisob — shkaf, prixojka, garderob (maydon bo'yicha hisob)
A2: Har buyum uchun plita maydoni, kromka, furnitura va bo'yoq sarfi o'lchamlardan hisoblanadi (1 dona uchun). Narxlar Laminat yoki Krasheniy xom ashyo varag'idan nomi bo'yicha olinadi: krasheniy buyumga Krasheniy narxi (u yerda bo'lmasa — Laminat narxi).
A4: Ko'rsatkich | B4: Birlik | C4: Buyum 1 | D4: Buyum 2 | E4: Buyum 3 | F4: Buyum 4 | G4: Buyum 5 | H4: Buyum 6 | I4: Jami (soni bilan) | J4: Laminat narxi (so'm) | K4: Laminat otxod | L4: Krasheniy narxi (so'm) | M4: Krasheniy otxod
A5: Kiritilgan ma'lumot (Korpus mebel varag'idan)
A6: Turi | C6: =IF('Korpus mebel'!C7="","",'Korpus mebel'!C7) -> Shkaf | D6: =IF('Korpus mebel'!D7="","",'Korpus mebel'!D7) -> Prixojka | E6: =IF('Korpus mebel'!E7="","",'Korpus mebel'!E7) -> Garderob | F6: =IF('Korpus mebel'!F7="","",'Korpus mebel'!F7) | G6: =IF('Korpus mebel'!G7="","",'Korpus mebel'!G7) | H6: =IF('Korpus mebel'!H7="","",'Korpus mebel'!H7)
A7: Soni | B7: dona | C7: =N('Korpus mebel'!C9) -> 1 | D7: =N('Korpus mebel'!D9) -> 1 | E7: =N('Korpus mebel'!E9) -> 1 | F7: =N('Korpus mebel'!F9) -> 0 | G7: =N('Korpus mebel'!G9) -> 0 | H7: =N('Korpus mebel'!H9) -> 0
A8: Uzunligi | B8: mm | C8: =N('Korpus mebel'!C10)*10 -> 2000 | D8: =N('Korpus mebel'!D10)*10 -> 1200 | E8: =N('Korpus mebel'!E10)*10 -> 3000 | F8: =N('Korpus mebel'!F10)*10 -> 0 | G8: =N('Korpus mebel'!G10)*10 -> 0 | H8: =N('Korpus mebel'!H10)*10 -> 0
A9: Balandligi | B9: mm | C9: =N('Korpus mebel'!C11)*10 -> 2400 | D9: =N('Korpus mebel'!D11)*10 -> 2200 | E9: =N('Korpus mebel'!E11)*10 -> 2500 | F9: =N('Korpus mebel'!F11)*10 -> 0 | G9: =N('Korpus mebel'!G11)*10 -> 0 | H9: =N('Korpus mebel'!H11)*10 -> 0
A10: Chuqurligi | B10: mm | C10: =N('Korpus mebel'!C12)*10 -> 600 | D10: =N('Korpus mebel'!D12)*10 -> 400 | E10: =N('Korpus mebel'!E12)*10 -> 500 | F10: =N('Korpus mebel'!F12)*10 -> 0 | G10: =N('Korpus mebel'!G12)*10 -> 0 | H10: =N('Korpus mebel'!H12)*10 -> 0
A11: Hisoblanadimi (1/0) | C11: =IF(AND(C7>0,C8>0,C9>0,C10>0),1,0) -> 1 | D11: =IF(AND(D7>0,D8>0,D9>0,D10>0),1,0) -> 1 | E11: =IF(AND(E7>0,E8>0,E9>0,E10>0),1,0) -> 1 | F11: =IF(AND(F7>0,F8>0,F9>0,F10>0),1,0) -> 0 | G11: =IF(AND(G7>0,G8>0,G9>0,G10>0),1,0) -> 0 | H11: =IF(AND(H7>0,H8>0,H9>0,H10>0),1,0) -> 0
A12: Oddiy eshik (1/0) | C12: =IF('Korpus mebel'!C14="Oddiy",1,0) -> 0 | D12: =IF('Korpus mebel'!D14="Oddiy",1,0) -> 1 | E12: =IF('Korpus mebel'!E14="Oddiy",1,0) -> 0 | F12: =IF('Korpus mebel'!F14="Oddiy",1,0) -> 0 | G12: =IF('Korpus mebel'!G14="Oddiy",1,0) -> 0 | H12: =IF('Korpus mebel'!H14="Oddiy",1,0) -> 0
A13: Kupe eshik (1/0) | C13: =IF('Korpus mebel'!C14="Kupe",1,0) -> 1 | D13: =IF('Korpus mebel'!D14="Kupe",1,0) -> 0 | E13: =IF('Korpus mebel'!E14="Kupe",1,0) -> 0 | F13: =IF('Korpus mebel'!F14="Kupe",1,0) -> 0 | G13: =IF('Korpus mebel'!G14="Kupe",1,0) -> 0 | H13: =IF('Korpus mebel'!H14="Kupe",1,0) -> 0
A14: Bo'limlar soni | B14: dona | C14: =IF(N('Korpus mebel'!C13)>0,'Korpus mebel'!C13,MAX(1,ROUND(C8/k_bolim_eni,0))) -> 3 | D14: =IF(N('Korpus mebel'!D13)>0,'Korpus mebel'!D13,MAX(1,ROUND(D8/k_bolim_eni,0))) -> 2 | E14: =IF(N('Korpus mebel'!E13)>0,'Korpus mebel'!E13,MAX(1,ROUND(E8/k_bolim_eni,0))) -> 4 | F14: =IF(N('Korpus mebel'!F13)>0,'Korpus mebel'!F13,MAX(1,ROUND(F8/k_bolim_eni,0))) -> 1 | G14: =IF(N('Korpus mebel'!G13)>0,'Korpus mebel'!G13,MAX(1,ROUND(G8/k_bolim_eni,0))) -> 1 | H14: =IF(N('Korpus mebel'!H13)>0,'Korpus mebel'!H13,MAX(1,ROUND(H8/k_bolim_eni,0))) -> 1
A15: Eshiklar soni | B15: dona | C15: =IF(C12+C13=0,0,IF(N('Korpus mebel'!C15)>0,'Korpus mebel'!C15,IF(C12=1,2*C14,MAX(2,ROUND(C8/k_kupe_eni,0))))) -> 2 | D15: =IF(D12+D13=0,0,IF(N('Korpus mebel'!D15)>0,'Korpus mebel'!D15,IF(D12=1,2*D14,MAX(2,ROUND(D8/k_kupe_eni,0))))) -> 2 | E15: =IF(E12+E13=0,0,IF(N('Korpus mebel'!E15)>0,'Korpus mebel'!E15,IF(E12=1,2*E14,MAX(2,ROUND(E8/k_kupe_eni,0))))) -> 0 | F15: =IF(F12+F13=0,0,IF(N('Korpus mebel'!F15)>0,'Korpus mebel'!F15,IF(F12=1,2*F14,MAX(2,ROUND(F8/k_kupe_eni,0))))) -> 0 | G15: =IF(G12+G13=0,0,IF(N('Korpus mebel'!G15)>0,'Korpus mebel'!G15,IF(G12=1,2*G14,MAX(2,ROUND(G8/k_kupe_eni,0))))) -> 0 | H15: =IF(H12+H13=0,0,IF(N('Korpus mebel'!H15)>0,'Korpus mebel'!H15,IF(H12=1,2*H14,MAX(2,ROUND(H8/k_kupe_eni,0))))) -> 0
A16: Oynali eshiklar | B16: dona | C16: =MIN(N('Korpus mebel'!C16),C15) -> 1 | D16: =MIN(N('Korpus mebel'!D16),D15) -> 1 | E16: =MIN(N('Korpus mebel'!E16),E15) -> 0 | F16: =MIN(N('Korpus mebel'!F16),F15) -> 0 | G16: =MIN(N('Korpus mebel'!G16),G15) -> 0 | H16: =MIN(N('Korpus mebel'!H16),H15) -> 0
A17: Polkalar | B17: dona | C17: =N('Korpus mebel'!C17) -> 6 | D17: =N('Korpus mebel'!D17) -> 4 | E17: =N('Korpus mebel'!E17) -> 10 | F17: =N('Korpus mebel'!F17) -> 0 | G17: =N('Korpus mebel'!G17) -> 0 | H17: =N('Korpus mebel'!H17) -> 0
A18: Yashiklar | B18: dona | C18: =N('Korpus mebel'!C18) -> 2 | D18: =N('Korpus mebel'!D18) -> 0 | E18: =N('Korpus mebel'!E18) -> 2 | F18: =N('Korpus mebel'!F18) -> 0 | G18: =N('Korpus mebel'!G18) -> 0 | H18: =N('Korpus mebel'!H18) -> 0
A19: Shtanga bo'limlari | B19: dona | C19: =N('Korpus mebel'!C19) -> 1 | D19: =N('Korpus mebel'!D19) -> 0 | E19: =N('Korpus mebel'!E19) -> 2 | F19: =N('Korpus mebel'!F19) -> 0 | G19: =N('Korpus mebel'!G19) -> 0 | H19: =N('Korpus mebel'!H19) -> 0
A20: Ilgaklar | B20: dona | C20: =N('Korpus mebel'!C20) -> 0 | D20: =N('Korpus mebel'!D20) -> 6 | E20: =N('Korpus mebel'!E20) -> 0 | F20: =N('Korpus mebel'!F20) -> 0 | G20: =N('Korpus mebel'!G20) -> 0 | H20: =N('Korpus mebel'!H20) -> 0
A21: Orqa devor (1/0) | C21: =IF('Korpus mebel'!C21="Yo'q",0,1) -> 1 | D21: =IF('Korpus mebel'!D21="Yo'q",0,1) -> 1 | E21: =IF('Korpus mebel'!E21="Yo'q",0,1) -> 0 | F21: =IF('Korpus mebel'!F21="Yo'q",0,1) -> 1 | G21: =IF('Korpus mebel'!G21="Yo'q",0,1) -> 1 | H21: =IF('Korpus mebel'!H21="Yo'q",0,1) -> 1
A22: Yuz qismi krasheniy (1/0) | C22: =IF('Korpus mebel'!C22="Krasheniy",1,0) -> 0 | D22: =IF('Korpus mebel'!D22="Krasheniy",1,0) -> 0 | E22: =IF('Korpus mebel'!E22="Krasheniy",1,0) -> 0 | F22: =IF('Korpus mebel'!F22="Krasheniy",1,0) -> 0 | G22: =IF('Korpus mebel'!G22="Krasheniy",1,0) -> 0 | H22: =IF('Korpus mebel'!H22="Krasheniy",1,0) -> 0
A23: Yon qismi krasheniy (1/0) | C23: =IF('Korpus mebel'!C23="Krasheniy",1,0) -> 0 | D23: =IF('Korpus mebel'!D23="Krasheniy",1,0) -> 0 | E23: =IF('Korpus mebel'!E23="Krasheniy",1,0) -> 0 | F23: =IF('Korpus mebel'!F23="Krasheniy",1,0) -> 0 | G23: =IF('Korpus mebel'!G23="Krasheniy",1,0) -> 0 | H23: =IF('Korpus mebel'!H23="Krasheniy",1,0) -> 0
A24: Krasheniy narxlari ishlatiladimi (1/0) | C24: =MAX(C22,C23) -> 0 | D24: =MAX(D22,D23) -> 0 | E24: =MAX(E22,E23) -> 0 | F24: =MAX(F22,F23) -> 0 | G24: =MAX(G22,G23) -> 0 | H24: =MAX(H22,H23) -> 0
A26: Hisoblangan o'lchamlar
A27: Korpus chuqurligi | B27: mm | C27: =MAX(0,C10-IF(C13=1,k_kupe_zazor,IF(C12=1,qal,0))) -> 500 | D27: =MAX(0,D10-IF(D13=1,k_kupe_zazor,IF(D12=1,qal,0))) -> 384 | E27: =MAX(0,E10-IF(E13=1,k_kupe_zazor,IF(E12=1,qal,0))) -> 500 | F27: =MAX(0,F10-IF(F13=1,k_kupe_zazor,IF(F12=1,qal,0))) -> 0 | G27: =MAX(0,G10-IF(G13=1,k_kupe_zazor,IF(G12=1,qal,0))) -> 0 | H27: =MAX(0,H10-IF(H13=1,k_kupe_zazor,IF(H12=1,qal,0))) -> 0
A28: Bo'lim ichki eni | B28: mm | C28: =MAX(0,(C8-(C14+1)*qal)/C14) -> 645.33333 | D28: =MAX(0,(D8-(D14+1)*qal)/D14) -> 576 | E28: =MAX(0,(E8-(E14+1)*qal)/E14) -> 730 | F28: =MAX(0,(F8-(F14+1)*qal)/F14) -> 0 | G28: =MAX(0,(G8-(G14+1)*qal)/G14) -> 0 | H28: =MAX(0,(H8-(H14+1)*qal)/H14) -> 0
A29: Ichki balandlik | B29: mm | C29: =MAX(0,C9-2*qal-tsokol) -> 2288 | D29: =MAX(0,D9-2*qal-tsokol) -> 2088 | E29: =MAX(0,E9-2*qal-tsokol) -> 2388 | F29: =MAX(0,F9-2*qal-tsokol) -> 0 | G29: =MAX(0,G9-2*qal-tsokol) -> 0 | H29: =MAX(0,H9-2*qal-tsokol) -> 0
A30: Eshik eni | B30: mm | C30: =IF(C15=0,0,IF(C13=1,(C8+k_kupe_ustma*(C15-1))/C15,C8/C15-tir)) -> 1015 | D30: =IF(D15=0,0,IF(D13=1,(D8+k_kupe_ustma*(D15-1))/D15,D8/D15-tir)) -> 597 | E30: =IF(E15=0,0,IF(E13=1,(E8+k_kupe_ustma*(E15-1))/E15,E8/E15-tir)) -> 0 | F30: =IF(F15=0,0,IF(F13=1,(F8+k_kupe_ustma*(F15-1))/F15,F8/F15-tir)) -> 0 | G30: =IF(G15=0,0,IF(G13=1,(G8+k_kupe_ustma*(G15-1))/G15,G8/G15-tir)) -> 0 | H30: =IF(H15=0,0,IF(H13=1,(H8+k_kupe_ustma*(H15-1))/H15,H8/H15-tir)) -> 0
A31: Eshik balandligi | B31: mm | C31: =IF(C15=0,0,IF(C13=1,C9-k_kupe_H,C9-tsokol-tir)) -> 2360 | D31: =IF(D15=0,0,IF(D13=1,D9-k_kupe_H,D9-tsokol-tir)) -> 2117 | E31: =IF(E15=0,0,IF(E13=1,E9-k_kupe_H,E9-tsokol-tir)) -> 0 | F31: =IF(F15=0,0,IF(F13=1,F9-k_kupe_H,F9-tsokol-tir)) -> 0 | G31: =IF(G15=0,0,IF(G13=1,G9-k_kupe_H,G9-tsokol-tir)) -> 0 | H31: =IF(H15=0,0,IF(H13=1,H9-k_kupe_H,H9-tsokol-tir)) -> 0
A32: 1 eshikka sharnir | B32: dona | C32: =IF(C31>2000,5,IF(C31>1600,4,IF(C31>900,3,2))) -> 5 | D32: =IF(D31>2000,5,IF(D31>1600,4,IF(D31>900,3,2))) -> 5 | E32: =IF(E31>2000,5,IF(E31>1600,4,IF(E31>900,3,2))) -> 2 | F32: =IF(F31>2000,5,IF(F31>1600,4,IF(F31>900,3,2))) -> 2 | G32: =IF(G31>2000,5,IF(G31>1600,4,IF(G31>900,3,2))) -> 2 | H32: =IF(H31>2000,5,IF(H31>1600,4,IF(H31>900,3,2))) -> 2
A33: Napravlyayushiy uzunligi | B33: mm | C33: =FLOOR(MAX(0,C27-zazor_chuq),50) -> 450 | D33: =FLOOR(MAX(0,D27-zazor_chuq),50) -> 350 | E33: =FLOOR(MAX(0,E27-zazor_chuq),50) -> 450 | F33: =FLOOR(MAX(0,F27-zazor_chuq),50) -> 0 | G33: =FLOOR(MAX(0,G27-zazor_chuq),50) -> 0 | H33: =FLOOR(MAX(0,H27-zazor_chuq),50) -> 0
A34: LDSP/MDF eshik panellari | B34: dona | C34: =IF(C13=1,C15-C16,C15) -> 1 | D34: =IF(D13=1,D15-D16,D15) -> 2 | E34: =IF(E13=1,E15-E16,E15) -> 0 | F34: =IF(F13=1,F15-F16,F15) -> 0 | G34: =IF(G13=1,G15-G16,G15) -> 0 | H34: =IF(H13=1,H15-H16,H15) -> 0
A36: Maydon va perimetr (1 dona)
A37: Yon devorlar | B37: m² | C37: =2*C9*C27/1000000 -> 2.4 | D37: =2*D9*D27/1000000 -> 1.6896 | E37: =2*E9*E27/1000000 -> 2.5 | F37: =2*F9*F27/1000000 -> 0 | G37: =2*G9*G27/1000000 -> 0 | H37: =2*H9*H27/1000000 -> 0
A38: Qopqoq + tag | B38: m² | C38: =2*MAX(0,C8-2*qal)*C27/1000000 -> 1.968 | D38: =2*MAX(0,D8-2*qal)*D27/1000000 -> 0.897024 | E38: =2*MAX(0,E8-2*qal)*E27/1000000 -> 2.968 | F38: =2*MAX(0,F8-2*qal)*F27/1000000 -> 0 | G38: =2*MAX(0,G8-2*qal)*G27/1000000 -> 0 | H38: =2*MAX(0,H8-2*qal)*H27/1000000 -> 0
A39: Tsokol | B39: m² | C39: =MAX(0,C8-2*qal)*tsokol/1000000 -> 0.15744 | D39: =MAX(0,D8-2*qal)*tsokol/1000000 -> 0.09344 | E39: =MAX(0,E8-2*qal)*tsokol/1000000 -> 0.23744 | F39: =MAX(0,F8-2*qal)*tsokol/1000000 -> 0 | G39: =MAX(0,G8-2*qal)*tsokol/1000000 -> 0 | H39: =MAX(0,H8-2*qal)*tsokol/1000000 -> 0
A40: Ichki to'siqlar | B40: m² | C40: =(C14-1)*C29*C27/1000000 -> 2.288 | D40: =(D14-1)*D29*D27/1000000 -> 0.801792 | E40: =(E14-1)*E29*E27/1000000 -> 3.582 | F40: =(F14-1)*F29*F27/1000000 -> 0 | G40: =(G14-1)*G29*G27/1000000 -> 0 | H40: =(H14-1)*H29*H27/1000000 -> 0
A41: Polkalar | B41: m² | C41: =C17*MAX(0,C28-2)*MAX(0,C27-zazor_polka)/1000000 -> 1.8528 | D41: =D17*MAX(0,D28-2)*MAX(0,D27-zazor_polka)/1000000 -> 0.835744 | E41: =E17*MAX(0,E28-2)*MAX(0,E27-zazor_polka)/1000000 -> 3.4944 | F41: =F17*MAX(0,F28-2)*MAX(0,F27-zazor_polka)/1000000 -> 0 | G41: =G17*MAX(0,G28-2)*MAX(0,G27-zazor_polka)/1000000 -> 0 | H41: =H17*MAX(0,H28-2)*MAX(0,H27-zazor_polka)/1000000 -> 0
A42: Yashik qutilari | B42: m² | C42: =C18*(2*C33+2*MAX(0,C28-zazor_nap-2*qal))*k_yashik_quti/1000000 -> 0.6224 | D42: =D18*(2*D33+2*MAX(0,D28-zazor_nap-2*qal))*k_yashik_quti/1000000 -> 0 | E42: =E18*(2*E33+2*MAX(0,E28-zazor_nap-2*qal))*k_yashik_quti/1000000 -> 0.6732 | F42: =F18*(2*F33+2*MAX(0,F28-zazor_nap-2*qal))*k_yashik_quti/1000000 -> 0 | G42: =G18*(2*G33+2*MAX(0,G28-zazor_nap-2*qal))*k_yashik_quti/1000000 -> 0 | H42: =H18*(2*H33+2*MAX(0,H28-zazor_nap-2*qal))*k_yashik_quti/1000000 -> 0
A43: Eshik panellari | B43: m² | C43: =C34*C30*C31/1000000 -> 2.3954 | D43: =D34*D30*D31/1000000 -> 2.527698 | E43: =E34*E30*E31/1000000 -> 0 | F43: =F34*F30*F31/1000000 -> 0 | G43: =G34*G30*G31/1000000 -> 0 | H43: =H34*H30*H31/1000000 -> 0
A44: Yashik fasadlari | B44: m² | C44: =C18*MAX(0,C28-tir)*k_yashik_fas/1000000 -> 0.25693333 | D44: =D18*MAX(0,D28-tir)*k_yashik_fas/1000000 -> 0 | E44: =E18*MAX(0,E28-tir)*k_yashik_fas/1000000 -> 0.2908 | F44: =F18*MAX(0,F28-tir)*k_yashik_fas/1000000 -> 0 | G44: =G18*MAX(0,G28-tir)*k_yashik_fas/1000000 -> 0 | H44: =H18*MAX(0,H28-tir)*k_yashik_fas/1000000 -> 0
A45: Yuz qismi jami (eshik + tsokol + yashik fasad) | B45: m² | C45: =C43+C39+C44 -> 2.8097733 | D45: =D43+D39+D44 -> 2.621138 | E45: =E43+E39+E44 -> 0.52824 | F45: =F43+F39+F44 -> 0 | G45: =G43+G39+G44 -> 0 | H45: =H43+H39+H44 -> 0
A46: Ichki qismlar jami (doim laminat) | B46: m² | C46: =C38+C40+C41+C42 -> 6.7312 | D46: =D38+D40+D41+D42 -> 2.53456 | E46: =E38+E40+E41+E42 -> 10.7176 | F46: =F38+F40+F41+F42 -> 0 | G46: =G38+G40+G41+G42 -> 0 | H46: =H38+H40+H41+H42 -> 0
A47: Yuz qismi qirralari | B47: m | C47: =(C34*2*(C30+C31)+C18*2*(MAX(0,C28-tir)+k_yashik_fas)+2*(MAX(0,C8-2*qal)+tsokol))/1000 -> 14.215333 | D47: =(D34*2*(D30+D31)+D18*2*(MAX(0,D28-tir)+k_yashik_fas)+2*(MAX(0,D8-2*qal)+tsokol))/1000 -> 13.352 | E47: =(E34*2*(E30+E31)+E18*2*(MAX(0,E28-tir)+k_yashik_fas)+2*(MAX(0,E8-2*qal)+tsokol))/1000 -> 9.804 | F47: =(F34*2*(F30+F31)+F18*2*(MAX(0,F28-tir)+k_yashik_fas)+2*(MAX(0,F8-2*qal)+tsokol))/1000 -> 0.16 | G47: =(G34*2*(G30+G31)+G18*2*(MAX(0,G28-tir)+k_yashik_fas)+2*(MAX(0,G8-2*qal)+tsokol))/1000 -> 0.16 | H47: =(H34*2*(H30+H31)+H18*2*(MAX(0,H28-tir)+k_yashik_fas)+2*(MAX(0,H8-2*qal)+tsokol))/1000 -> 0.16
A48: Yon devorlar old va tepa qirrasi | B48: m | C48: =2*(C9+C27)/1000 -> 5.8 | D48: =2*(D9+D27)/1000 -> 5.168 | E48: =2*(E9+E27)/1000 -> 6 | F48: =2*(F9+F27)/1000 -> 0 | G48: =2*(G9+G27)/1000 -> 0 | H48: =2*(H9+H27)/1000 -> 0
A49: Bo'yaladigan maydon | B49: m² | C49: =C11*(C22*(C45*fasad_tomon+C47*qal/1000)+C23*(C37*korpus_tomon+2*C48*qal/1000)) -> 0 | D49: =D11*(D22*(D45*fasad_tomon+D47*qal/1000)+D23*(D37*korpus_tomon+2*D48*qal/1000)) -> 0 | E49: =E11*(E22*(E45*fasad_tomon+E47*qal/1000)+E23*(E37*korpus_tomon+2*E48*qal/1000)) -> 0 | F49: =F11*(F22*(F45*fasad_tomon+F47*qal/1000)+F23*(F37*korpus_tomon+2*F48*qal/1000)) -> 0 | G49: =G11*(G22*(G45*fasad_tomon+G47*qal/1000)+G23*(G37*korpus_tomon+2*G48*qal/1000)) -> 0 | H49: =H11*(H22*(H45*fasad_tomon+H47*qal/1000)+H23*(H37*korpus_tomon+2*H48*qal/1000)) -> 0
A51: Sarf — 1 dona uchun
A52: LDSP 16mm (laminat) | B52: list | C52: =C11*(C46+(1-C23)*C37+(1-C22)*C45)/(ldsp_L*ldsp_W/1000000) -> 2.0602093 | D52: =D11*(D46+(1-D23)*D37+(1-D22)*D45)/(ldsp_L*ldsp_W/1000000) -> 1.1810383 | E52: =E11*(E46+(1-E23)*E37+(1-E22)*E45)/(ldsp_L*ldsp_W/1000000) -> 2.371608 | F52: =F11*(F46+(1-F23)*F37+(1-F22)*F45)/(ldsp_L*ldsp_W/1000000) -> 0 | G52: =G11*(G46+(1-G23)*G37+(1-G22)*G45)/(ldsp_L*ldsp_W/1000000) -> 0 | H52: =H11*(H46+(1-H23)*H37+(1-H22)*H45)/(ldsp_L*ldsp_W/1000000) -> 0 | I52: =C52*C7+D52*D7+E52*E7+F52*F7+G52*G7+H52*H7 -> 5.6128556 | J52: =IFERROR(INDEX('Laminat xom ashyo'!$S$5:$S$49,MATCH($A52,'Laminat xom ashyo'!$C$5:$C$49,0)),0) -> 400000 | K52: =IFERROR(INDEX('Laminat xom ashyo'!$O$5:$O$49,MATCH($A52,'Laminat xom ashyo'!$C$5:$C$49,0)),0) -> 0.15 | L52: =IFERROR(INDEX('Krasheniy xom ashyo'!$O$5:$O$35,MATCH($A52,'Krasheniy xom ashyo'!$C$5:$C$35,0)),J52) -> 400000 | M52: =IFERROR(INDEX('Krasheniy xom ashyo'!$K$5:$K$35,MATCH($A52,'Krasheniy xom ashyo'!$C$5:$C$35,0)),K52) -> 0.15
A53: MDF 16mm | B53: list | C53: =C11*(C23*C37+C22*C45)/(mdf_L*mdf_W/1000000) -> 0 | D53: =D11*(D23*D37+D22*D45)/(mdf_L*mdf_W/1000000) -> 0 | E53: =E11*(E23*E37+E22*E45)/(mdf_L*mdf_W/1000000) -> 0 | F53: =F11*(F23*F37+F22*F45)/(mdf_L*mdf_W/1000000) -> 0 | G53: =G11*(G23*G37+G22*G45)/(mdf_L*mdf_W/1000000) -> 0 | H53: =H11*(H23*H37+H22*H45)/(mdf_L*mdf_W/1000000) -> 0 | I53: =C53*C7+D53*D7+E53*E7+F53*F7+G53*G7+H53*H7 -> 0 | J53: =IFERROR(INDEX('Laminat xom ashyo'!$S$5:$S$49,MATCH($A53,'Laminat xom ashyo'!$C$5:$C$49,0)),0) -> 0 | K53: =IFERROR(INDEX('Laminat xom ashyo'!$O$5:$O$49,MATCH($A53,'Laminat xom ashyo'!$C$5:$C$49,0)),0) -> 0 | L53: =IFERROR(INDEX('Krasheniy xom ashyo'!$O$5:$O$35,MATCH($A53,'Krasheniy xom ashyo'!$C$5:$C$35,0)),J53) -> 0 | M53: =IFERROR(INDEX('Krasheniy xom ashyo'!$K$5:$K$35,MATCH($A53,'Krasheniy xom ashyo'!$C$5:$C$35,0)),K53) -> 0.15
A54: DVP 3mm (orqa devor, yashik tagi) | B54: list | C54: =C11*(C21*MAX(0,C8-zazor_dvp)*MAX(0,C9-zazor_dvp)+C18*MAX(0,C28-zazor_nap)*C33)/1000000/(dvp_L*dvp_W/1000000) -> 1.1442872 | D54: =D11*(D21*MAX(0,D8-zazor_dvp)*MAX(0,D9-zazor_dvp)+D18*MAX(0,D28-zazor_nap)*D33)/1000000/(dvp_L*dvp_W/1000000) -> 0.56282353 | E54: =E11*(E21*MAX(0,E8-zazor_dvp)*MAX(0,E9-zazor_dvp)+E18*MAX(0,E28-zazor_nap)*E33)/1000000/(dvp_L*dvp_W/1000000) -> 0.13577628 | F54: =F11*(F21*MAX(0,F8-zazor_dvp)*MAX(0,F9-zazor_dvp)+F18*MAX(0,F28-zazor_nap)*F33)/1000000/(dvp_L*dvp_W/1000000) -> 0 | G54: =G11*(G21*MAX(0,G8-zazor_dvp)*MAX(0,G9-zazor_dvp)+G18*MAX(0,G28-zazor_nap)*G33)/1000000/(dvp_L*dvp_W/1000000) -> 0 | H54: =H11*(H21*MAX(0,H8-zazor_dvp)*MAX(0,H9-zazor_dvp)+H18*MAX(0,H28-zazor_nap)*H33)/1000000/(dvp_L*dvp_W/1000000) -> 0 | I54: =C54*C7+D54*D7+E54*E7+F54*F7+G54*G7+H54*H7 -> 1.842887 | J54: =IFERROR(INDEX('Laminat xom ashyo'!$S$5:$S$49,MATCH($A54,'Laminat xom ashyo'!$C$5:$C$49,0)),0) -> 190000 | K54: =IFERROR(INDEX('Laminat xom ashyo'!$O$5:$O$49,MATCH($A54,'Laminat xom ashyo'!$C$5:$C$49,0)),0) -> 0.15 | L54: =IFERROR(INDEX('Krasheniy xom ashyo'!$O$5:$O$35,MATCH($A54,'Krasheniy xom ashyo'!$C$5:$C$35,0)),J54) -> 190000 | M54: =IFERROR(INDEX('Krasheniy xom ashyo'!$K$5:$K$35,MATCH($A54,'Krasheniy xom ashyo'!$C$5:$C$35,0)),K54) -> 0.15
A55: Oyna 4mm (ko'zgu) | B55: m² | C55: =C11*C16*IF(C13=1,C30*C31,MAX(0,C30-2*k_oyna_chet)*MAX(0,C31-2*k_oyna_chet))/1000000 -> 2.3954 | D55: =D11*D16*IF(D13=1,D30*D31,MAX(0,D30-2*k_oyna_chet)*MAX(0,D31-2*k_oyna_chet))/1000000 -> 1.002449 | E55: =E11*E16*IF(E13=1,E30*E31,MAX(0,E30-2*k_oyna_chet)*MAX(0,E31-2*k_oyna_chet))/1000000 -> 0 | F55: =F11*F16*IF(F13=1,F30*F31,MAX(0,F30-2*k_oyna_chet)*MAX(0,F31-2*k_oyna_chet))/1000000 -> 0 | G55: =G11*G16*IF(G13=1,G30*G31,MAX(0,G30-2*k_oyna_chet)*MAX(0,G31-2*k_oyna_chet))/1000000 -> 0 | H55: =H11*H16*IF(H13=1,H30*H31,MAX(0,H30-2*k_oyna_chet)*MAX(0,H31-2*k_oyna_chet))/1000000 -> 0 | I55: =C55*C7+D55*D7+E55*E7+F55*F7+G55*G7+H55*H7 -> 3.397849 | J55: =IFERROR(INDEX('Laminat xom ashyo'!$S$5:$S$49,MATCH($A55,'Laminat xom ashyo'!$C$5:$C$49,0)),0) -> 140000 | K55: =IFERROR(INDEX('Laminat xom ashyo'!$O$5:$O$49,MATCH($A55,'Laminat xom ashyo'!$C$5:$C$49,0)),0) -> 0 | L55: =IFERROR(INDEX('Krasheniy xom ashyo'!$O$5:$O$35,MATCH($A55,'Krasheniy xom ashyo'!$C$5:$C$35,0)),J55) -> 140000 | M55: =IFERROR(INDEX('Krasheniy xom ashyo'!$K$5:$K$35,MATCH($A55,'Krasheniy xom ashyo'!$C$5:$C$35,0)),K55) -> 0
A56: Kromka PVX 2mm | B56: m | C56: =C11*(1-C22)*(C12*C15*2*(C30+C31)+C18*2*(MAX(0,C28-tir)+k_yashik_fas))/1000 -> 3.3693333 | D56: =D11*(1-D22)*(D12*D15*2*(D30+D31)+D18*2*(MAX(0,D28-tir)+k_yashik_fas))/1000 -> 10.856 | E56: =E11*(1-E22)*(E12*E15*2*(E30+E31)+E18*2*(MAX(0,E28-tir)+k_yashik_fas))/1000 -> 3.708 | F56: =F11*(1-F22)*(F12*F15*2*(F30+F31)+F18*2*(MAX(0,F28-tir)+k_yashik_fas))/1000 -> 0 | G56: =G11*(1-G22)*(G12*G15*2*(G30+G31)+G18*2*(MAX(0,G28-tir)+k_yashik_fas))/1000 -> 0 | H56: =H11*(1-H22)*(H12*H15*2*(H30+H31)+H18*2*(MAX(0,H28-tir)+k_yashik_fas))/1000 -> 0 | I56: =C56*C7+D56*D7+E56*E7+F56*F7+G56*G7+H56*H7 -> 17.933333 | J56: =IFERROR(INDEX('Laminat xom ashyo'!$S$5:$S$49,MATCH($A56,'Laminat xom ashyo'!$C$5:$C$49,0)),0) -> 4000 | K56: =IFERROR(INDEX('Laminat xom ashyo'!$O$5:$O$49,MATCH($A56,'Laminat xom ashyo'!$C$5:$C$49,0)),0) -> 0.1 | L56: =IFERROR(INDEX('Krasheniy xom ashyo'!$O$5:$O$35,MATCH($A56,'Krasheniy xom ashyo'!$C$5:$C$35,0)),J56) -> 4000 | M56: =IFERROR(INDEX('Krasheniy xom ashyo'!$K$5:$K$35,MATCH($A56,'Krasheniy xom ashyo'!$C$5:$C$35,0)),K56) -> 0.1
A57: Kromka PVX 0.4mm | B57: m | C57: =C11*((1-C23)*C48+((1-C22)+2)*MAX(0,C8-2*qal)/1000+(C14-1)*C29/1000+C17*MAX(0,C28-2)/1000+C18*(2*C33+2*MAX(0,C28-zazor_nap-2*qal))/1000) -> 24.289333 | D57: =D11*((1-D23)*D48+((1-D22)+2)*MAX(0,D8-2*qal)/1000+(D14-1)*D29/1000+D17*MAX(0,D28-2)/1000+D18*(2*D33+2*MAX(0,D28-zazor_nap-2*qal))/1000) -> 13.056 | E57: =E11*((1-E23)*E48+((1-E22)+2)*MAX(0,E8-2*qal)/1000+(E14-1)*E29/1000+E17*MAX(0,E28-2)/1000+E18*(2*E33+2*MAX(0,E28-zazor_nap-2*qal))/1000) -> 33.836 | F57: =F11*((1-F23)*F48+((1-F22)+2)*MAX(0,F8-2*qal)/1000+(F14-1)*F29/1000+F17*MAX(0,F28-2)/1000+F18*(2*F33+2*MAX(0,F28-zazor_nap-2*qal))/1000) -> 0 | G57: =G11*((1-G23)*G48+((1-G22)+2)*MAX(0,G8-2*qal)/1000+(G14-1)*G29/1000+G17*MAX(0,G28-2)/1000+G18*(2*G33+2*MAX(0,G28-zazor_nap-2*qal))/1000) -> 0 | H57: =H11*((1-H23)*H48+((1-H22)+2)*MAX(0,H8-2*qal)/1000+(H14-1)*H29/1000+H17*MAX(0,H28-2)/1000+H18*(2*H33+2*MAX(0,H28-zazor_nap-2*qal))/1000) -> 0 | I57: =C57*C7+D57*D7+E57*E7+F57*F7+G57*G7+H57*H7 -> 71.181333 | J57: =IFERROR(INDEX('Laminat xom ashyo'!$S$5:$S$49,MATCH($A57,'Laminat xom ashyo'!$C$5:$C$49,0)),0) -> 3000 | K57: =IFERROR(INDEX('Laminat xom ashyo'!$O$5:$O$49,MATCH($A57,'Laminat xom ashyo'!$C$5:$C$49,0)),0) -> 0.1 | L57: =IFERROR(INDEX('Krasheniy xom ashyo'!$O$5:$O$35,MATCH($A57,'Krasheniy xom ashyo'!$C$5:$C$35,0)),J57) -> 3000 | M57: =IFERROR(INDEX('Krasheniy xom ashyo'!$K$5:$K$35,MATCH($A57,'Krasheniy xom ashyo'!$C$5:$C$35,0)),K57) -> 0.1
A58: Grunt | B58: kg | C58: =C49*grunt_norma -> 0 | D58: =D49*grunt_norma -> 0 | E58: =E49*grunt_norma -> 0 | F58: =F49*grunt_norma -> 0 | G58: =G49*grunt_norma -> 0 | H58: =H49*grunt_norma -> 0 | I58: =C58*C7+D58*D7+E58*E7+F58*F7+G58*G7+H58*H7 -> 0 | J58: =IFERROR(INDEX('Laminat xom ashyo'!$S$5:$S$49,MATCH($A58,'Laminat xom ashyo'!$C$5:$C$49,0)),0) -> 0 | K58: =IFERROR(INDEX('Laminat xom ashyo'!$O$5:$O$49,MATCH($A58,'Laminat xom ashyo'!$C$5:$C$49,0)),0) -> 0 | L58: =IFERROR(INDEX('Krasheniy xom ashyo'!$O$5:$O$35,MATCH($A58,'Krasheniy xom ashyo'!$C$5:$C$35,0)),J58) -> 0 | M58: =IFERROR(INDEX('Krasheniy xom ashyo'!$K$5:$K$35,MATCH($A58,'Krasheniy xom ashyo'!$C$5:$C$35,0)),K58) -> 0
A59: Emal (kraska) | B59: kg | C59: =C49*emal_norma -> 0 | D59: =D49*emal_norma -> 0 | E59: =E49*emal_norma -> 0 | F59: =F49*emal_norma -> 0 | G59: =G49*emal_norma -> 0 | H59: =H49*emal_norma -> 0 | I59: =C59*C7+D59*D7+E59*E7+F59*F7+G59*G7+H59*H7 -> 0 | J59: =IFERROR(INDEX('Laminat xom ashyo'!$S$5:$S$49,MATCH($A59,'Laminat xom ashyo'!$C$5:$C$49,0)),0) -> 0 | K59: =IFERROR(INDEX('Laminat xom ashyo'!$O$5:$O$49,MATCH($A59,'Laminat xom ashyo'!$C$5:$C$49,0)),0) -> 0 | L59: =IFERROR(INDEX('Krasheniy xom ashyo'!$O$5:$O$35,MATCH($A59,'Krasheniy xom ashyo'!$C$5:$C$35,0)),J59) -> 0 | M59: =IFERROR(INDEX('Krasheniy xom ashyo'!$K$5:$K$35,MATCH($A59,'Krasheniy xom ashyo'!$C$5:$C$35,0)),K59) -> 0
A60: Lak | B60: kg | C60: =C49*lak_norma -> 0 | D60: =D49*lak_norma -> 0 | E60: =E49*lak_norma -> 0 | F60: =F49*lak_norma -> 0 | G60: =G49*lak_norma -> 0 | H60: =H49*lak_norma -> 0 | I60: =C60*C7+D60*D7+E60*E7+F60*F7+G60*G7+H60*H7 -> 0 | J60: =IFERROR(INDEX('Laminat xom ashyo'!$S$5:$S$49,MATCH($A60,'Laminat xom ashyo'!$C$5:$C$49,0)),0) -> 0 | K60: =IFERROR(INDEX('Laminat xom ashyo'!$O$5:$O$49,MATCH($A60,'Laminat xom ashyo'!$C$5:$C$49,0)),0) -> 0 | L60: =IFERROR(INDEX('Krasheniy xom ashyo'!$O$5:$O$35,MATCH($A60,'Krasheniy xom ashyo'!$C$5:$C$35,0)),J60) -> 0 | M60: =IFERROR(INDEX('Krasheniy xom ashyo'!$K$5:$K$35,MATCH($A60,'Krasheniy xom ashyo'!$C$5:$C$35,0)),K60) -> 0
A61: Qotirgich (otverditel) | B61: kg | C61: =C49*qotir_norma -> 0 | D61: =D49*qotir_norma -> 0 | E61: =E49*qotir_norma -> 0 | F61: =F49*qotir_norma -> 0 | G61: =G49*qotir_norma -> 0 | H61: =H49*qotir_norma -> 0 | I61: =C61*C7+D61*D7+E61*E7+F61*F7+G61*G7+H61*H7 -> 0 | J61: =IFERROR(INDEX('Laminat xom ashyo'!$S$5:$S$49,MATCH($A61,'Laminat xom ashyo'!$C$5:$C$49,0)),0) -> 0 | K61: =IFERROR(INDEX('Laminat xom ashyo'!$O$5:$O$49,MATCH($A61,'Laminat xom ashyo'!$C$5:$C$49,0)),0) -> 0 | L61: =IFERROR(INDEX('Krasheniy xom ashyo'!$O$5:$O$35,MATCH($A61,'Krasheniy xom ashyo'!$C$5:$C$35,0)),J61) -> 0 | M61: =IFERROR(INDEX('Krasheniy xom ashyo'!$K$5:$K$35,MATCH($A61,'Krasheniy xom ashyo'!$C$5:$C$35,0)),K61) -> 0
A62: Eritgich (razbavitel) | B62: litr | C62: =C49*eritgich_norma -> 0 | D62: =D49*eritgich_norma -> 0 | E62: =E49*eritgich_norma -> 0 | F62: =F49*eritgich_norma -> 0 | G62: =G49*eritgich_norma -> 0 | H62: =H49*eritgich_norma -> 0 | I62: =C62*C7+D62*D7+E62*E7+F62*F7+G62*G7+H62*H7 -> 0 | J62: =IFERROR(INDEX('Laminat xom ashyo'!$S$5:$S$49,MATCH($A62,'Laminat xom ashyo'!$C$5:$C$49,0)),0) -> 0 | K62: =IFERROR(INDEX('Laminat xom ashyo'!$O$5:$O$49,MATCH($A62,'Laminat xom ashyo'!$C$5:$C$49,0)),0) -> 0 | L62: =IFERROR(INDEX('Krasheniy xom ashyo'!$O$5:$O$35,MATCH($A62,'Krasheniy xom ashyo'!$C$5:$C$35,0)),J62) -> 0 | M62: =IFERROR(INDEX('Krasheniy xom ashyo'!$K$5:$K$35,MATCH($A62,'Krasheniy xom ashyo'!$C$5:$C$35,0)),K62) -> 0
A63: Jilvir qog'oz (shkurka) | B63: dona | C63: =C49*shkurka_norma -> 0 | D63: =D49*shkurka_norma -> 0 | E63: =E49*shkurka_norma -> 0 | F63: =F49*shkurka_norma -> 0 | G63: =G49*shkurka_norma -> 0 | H63: =H49*shkurka_norma -> 0 | I63: =C63*C7+D63*D7+E63*E7+F63*F7+G63*G7+H63*H7 -> 0 | J63: =IFERROR(INDEX('Laminat xom ashyo'!$S$5:$S$49,MATCH($A63,'Laminat xom ashyo'!$C$5:$C$49,0)),0) -> 0 | K63: =IFERROR(INDEX('Laminat xom ashyo'!$O$5:$O$49,MATCH($A63,'Laminat xom ashyo'!$C$5:$C$49,0)),0) -> 0 | L63: =IFERROR(INDEX('Krasheniy xom ashyo'!$O$5:$O$35,MATCH($A63,'Krasheniy xom ashyo'!$C$5:$C$35,0)),J63) -> 0 | M63: =IFERROR(INDEX('Krasheniy xom ashyo'!$K$5:$K$35,MATCH($A63,'Krasheniy xom ashyo'!$C$5:$C$35,0)),K63) -> 0
A64: Sharnir (mebel petlyasi) 35mm | B64: dona | C64: =C11*C12*C15*C32 -> 0 | D64: =D11*D12*D15*D32 -> 10 | E64: =E11*E12*E15*E32 -> 0 | F64: =F11*F12*F15*F32 -> 0 | G64: =G11*G12*G15*G32 -> 0 | H64: =H11*H12*H15*H32 -> 0 | I64: =C64*C7+D64*D7+E64*E7+F64*F7+G64*G7+H64*H7 -> 10 | J64: =IFERROR(INDEX('Laminat xom ashyo'!$S$5:$S$49,MATCH($A64,'Laminat xom ashyo'!$C$5:$C$49,0)),0) -> 10000 | K64: =IFERROR(INDEX('Laminat xom ashyo'!$O$5:$O$49,MATCH($A64,'Laminat xom ashyo'!$C$5:$C$49,0)),0) -> 0 | L64: =IFERROR(INDEX('Krasheniy xom ashyo'!$O$5:$O$35,MATCH($A64,'Krasheniy xom ashyo'!$C$5:$C$35,0)),J64) -> 10000 | M64: =IFERROR(INDEX('Krasheniy xom ashyo'!$K$5:$K$35,MATCH($A64,'Krasheniy xom ashyo'!$C$5:$C$35,0)),K64) -> 0
A65: Ruchka (tutqich) | B65: dona | C65: =C11*(C12*C15+C18) -> 2 | D65: =D11*(D12*D15+D18) -> 2 | E65: =E11*(E12*E15+E18) -> 2 | F65: =F11*(F12*F15+F18) -> 0 | G65: =G11*(G12*G15+G18) -> 0 | H65: =H11*(H12*H15+H18) -> 0 | I65: =C65*C7+D65*D7+E65*E7+F65*F7+G65*G7+H65*H7 -> 6 | J65: =IFERROR(INDEX('Laminat xom ashyo'!$S$5:$S$49,MATCH($A65,'Laminat xom ashyo'!$C$5:$C$49,0)),0) -> 50000 | K65: =IFERROR(INDEX('Laminat xom ashyo'!$O$5:$O$49,MATCH($A65,'Laminat xom ashyo'!$C$5:$C$49,0)),0) -> 0 | L65: =IFERROR(INDEX('Krasheniy xom ashyo'!$O$5:$O$35,MATCH($A65,'Krasheniy xom ashyo'!$C$5:$C$35,0)),J65) -> 50000 | M65: =IFERROR(INDEX('Krasheniy xom ashyo'!$K$5:$K$35,MATCH($A65,'Krasheniy xom ashyo'!$C$5:$C$35,0)),K65) -> 0
A66: Kupe profil tizimi (rels + eshik profillari) | B66: m | C66: =C11*C13*(2*C8+2*C31*C15)/1000 -> 13.44 | D66: =D11*D13*(2*D8+2*D31*D15)/1000 -> 0 | E66: =E11*E13*(2*E8+2*E31*E15)/1000 -> 0 | F66: =F11*F13*(2*F8+2*F31*F15)/1000 -> 0 | G66: =G11*G13*(2*G8+2*G31*G15)/1000 -> 0 | H66: =H11*H13*(2*H8+2*H31*H15)/1000 -> 0 | I66: =C66*C7+D66*D7+E66*E7+F66*F7+G66*G7+H66*H7 -> 13.44 | J66: =IFERROR(INDEX('Laminat xom ashyo'!$S$5:$S$49,MATCH($A66,'Laminat xom ashyo'!$C$5:$C$49,0)),0) -> 0 | K66: =IFERROR(INDEX('Laminat xom ashyo'!$O$5:$O$49,MATCH($A66,'Laminat xom ashyo'!$C$5:$C$49,0)),0) -> 0 | L66: =IFERROR(INDEX('Krasheniy xom ashyo'!$O$5:$O$35,MATCH($A66,'Krasheniy xom ashyo'!$C$5:$C$35,0)),J66) -> 0 | M66: =IFERROR(INDEX('Krasheniy xom ashyo'!$K$5:$K$35,MATCH($A66,'Krasheniy xom ashyo'!$C$5:$C$35,0)),K66) -> 0
A67: Kupe rolik komplekti | B67: komplekt | C67: =C11*C13*C15 -> 2 | D67: =D11*D13*D15 -> 0 | E67: =E11*E13*E15 -> 0 | F67: =F11*F13*F15 -> 0 | G67: =G11*G13*G15 -> 0 | H67: =H11*H13*H15 -> 0 | I67: =C67*C7+D67*D7+E67*E7+F67*F7+G67*G7+H67*H7 -> 2 | J67: =IFERROR(INDEX('Laminat xom ashyo'!$S$5:$S$49,MATCH($A67,'Laminat xom ashyo'!$C$5:$C$49,0)),0) -> 0 | K67: =IFERROR(INDEX('Laminat xom ashyo'!$O$5:$O$49,MATCH($A67,'Laminat xom ashyo'!$C$5:$C$49,0)),0) -> 0 | L67: =IFERROR(INDEX('Krasheniy xom ashyo'!$O$5:$O$35,MATCH($A67,'Krasheniy xom ashyo'!$C$5:$C$35,0)),J67) -> 0 | M67: =IFERROR(INDEX('Krasheniy xom ashyo'!$K$5:$K$35,MATCH($A67,'Krasheniy xom ashyo'!$C$5:$C$35,0)),K67) -> 0
A68: Shtanga (kiyim ilgich trubasi) | B68: m | C68: =C11*C19*C28/1000 -> 0.64533333 | D68: =D11*D19*D28/1000 -> 0 | E68: =E11*E19*E28/1000 -> 1.46 | F68: =F11*F19*F28/1000 -> 0 | G68: =G11*G19*G28/1000 -> 0 | H68: =H11*H19*H28/1000 -> 0 | I68: =C68*C7+D68*D7+E68*E7+F68*F7+G68*G7+H68*H7 -> 2.1053333 | J68: =IFERROR(INDEX('Laminat xom ashyo'!$S$5:$S$49,MATCH($A68,'Laminat xom ashyo'!$C$5:$C$49,0)),0) -> 30000 | K68: =IFERROR(INDEX('Laminat xom ashyo'!$O$5:$O$49,MATCH($A68,'Laminat xom ashyo'!$C$5:$C$49,0)),0) -> 0 | L68: =IFERROR(INDEX('Krasheniy xom ashyo'!$O$5:$O$35,MATCH($A68,'Krasheniy xom ashyo'!$C$5:$C$35,0)),J68) -> 30000 | M68: =IFERROR(INDEX('Krasheniy xom ashyo'!$K$5:$K$35,MATCH($A68,'Krasheniy xom ashyo'!$C$5:$C$35,0)),K68) -> 0
A69: Shtanga derjateli | B69: dona | C69: =C11*2*C19 -> 2 | D69: =D11*2*D19 -> 0 | E69: =E11*2*E19 -> 4 | F69: =F11*2*F19 -> 0 | G69: =G11*2*G19 -> 0 | H69: =H11*2*H19 -> 0 | I69: =C69*C7+D69*D7+E69*E7+F69*F7+G69*G7+H69*H7 -> 6 | J69: =IFERROR(INDEX('Laminat xom ashyo'!$S$5:$S$49,MATCH($A69,'Laminat xom ashyo'!$C$5:$C$49,0)),0) -> 10000 | K69: =IFERROR(INDEX('Laminat xom ashyo'!$O$5:$O$49,MATCH($A69,'Laminat xom ashyo'!$C$5:$C$49,0)),0) -> 0 | L69: =IFERROR(INDEX('Krasheniy xom ashyo'!$O$5:$O$35,MATCH($A69,'Krasheniy xom ashyo'!$C$5:$C$35,0)),J69) -> 10000 | M69: =IFERROR(INDEX('Krasheniy xom ashyo'!$K$5:$K$35,MATCH($A69,'Krasheniy xom ashyo'!$C$5:$C$35,0)),K69) -> 0
A70: Polka derjateli | B70: dona | C70: =C11*4*C17 -> 24 | D70: =D11*4*D17 -> 16 | E70: =E11*4*E17 -> 40 | F70: =F11*4*F17 -> 0 | G70: =G11*4*G17 -> 0 | H70: =H11*4*H17 -> 0 | I70: =C70*C7+D70*D7+E70*E7+F70*F7+G70*G7+H70*H7 -> 80 | J70: =IFERROR(INDEX('Laminat xom ashyo'!$S$5:$S$49,MATCH($A70,'Laminat xom ashyo'!$C$5:$C$49,0)),0) -> 500 | K70: =IFERROR(INDEX('Laminat xom ashyo'!$O$5:$O$49,MATCH($A70,'Laminat xom ashyo'!$C$5:$C$49,0)),0) -> 0 | L70: =IFERROR(INDEX('Krasheniy xom ashyo'!$O$5:$O$35,MATCH($A70,'Krasheniy xom ashyo'!$C$5:$C$35,0)),J70) -> 500 | M70: =IFERROR(INDEX('Krasheniy xom ashyo'!$K$5:$K$35,MATCH($A70,'Krasheniy xom ashyo'!$C$5:$C$35,0)),K70) -> 0
A71: Yashik napravlyayushiysi — korpus mebel | B71: juft | C71: =C11*C18 -> 2 | D71: =D11*D18 -> 0 | E71: =E11*E18 -> 2 | F71: =F11*F18 -> 0 | G71: =G11*G18 -> 0 | H71: =H11*H18 -> 0 | I71: =C71*C7+D71*D7+E71*E7+F71*F7+G71*G7+H71*H7 -> 4 | J71: =IFERROR(INDEX('Laminat xom ashyo'!$S$5:$S$49,MATCH($A71,'Laminat xom ashyo'!$C$5:$C$49,0)),0) -> 0 | K71: =IFERROR(INDEX('Laminat xom ashyo'!$O$5:$O$49,MATCH($A71,'Laminat xom ashyo'!$C$5:$C$49,0)),0) -> 0 | L71: =IFERROR(INDEX('Krasheniy xom ashyo'!$O$5:$O$35,MATCH($A71,'Krasheniy xom ashyo'!$C$5:$C$35,0)),J71) -> 0 | M71: =IFERROR(INDEX('Krasheniy xom ashyo'!$K$5:$K$35,MATCH($A71,'Krasheniy xom ashyo'!$C$5:$C$35,0)),K71) -> 0
A72: Konfirmat 7×50 | B72: dona | C72: =C11*(20+8*(C14-1)+4*C18) -> 44 | D72: =D11*(20+8*(D14-1)+4*D18) -> 28 | E72: =E11*(20+8*(E14-1)+4*E18) -> 52 | F72: =F11*(20+8*(F14-1)+4*F18) -> 0 | G72: =G11*(20+8*(G14-1)+4*G18) -> 0 | H72: =H11*(20+8*(H14-1)+4*H18) -> 0 | I72: =C72*C7+D72*D7+E72*E7+F72*F7+G72*G7+H72*H7 -> 124 | J72: =IFERROR(INDEX('Laminat xom ashyo'!$S$5:$S$49,MATCH($A72,'Laminat xom ashyo'!$C$5:$C$49,0)),0) -> 2000 | K72: =IFERROR(INDEX('Laminat xom ashyo'!$O$5:$O$49,MATCH($A72,'Laminat xom ashyo'!$C$5:$C$49,0)),0) -> 0 | L72: =IFERROR(INDEX('Krasheniy xom ashyo'!$O$5:$O$35,MATCH($A72,'Krasheniy xom ashyo'!$C$5:$C$35,0)),J72) -> 2000 | M72: =IFERROR(INDEX('Krasheniy xom ashyo'!$K$5:$K$35,MATCH($A72,'Krasheniy xom ashyo'!$C$5:$C$35,0)),K72) -> 0
A73: Konfirmat zaglushkasi | B73: dona | C73: =C11*(20+8*(C14-1)) -> 36 | D73: =D11*(20+8*(D14-1)) -> 28 | E73: =E11*(20+8*(E14-1)) -> 44 | F73: =F11*(20+8*(F14-1)) -> 0 | G73: =G11*(20+8*(G14-1)) -> 0 | H73: =H11*(20+8*(H14-1)) -> 0 | I73: =C73*C7+D73*D7+E73*E7+F73*F7+G73*G7+H73*H7 -> 108 | J73: =IFERROR(INDEX('Laminat xom ashyo'!$S$5:$S$49,MATCH($A73,'Laminat xom ashyo'!$C$5:$C$49,0)),0) -> 2000 | K73: =IFERROR(INDEX('Laminat xom ashyo'!$O$5:$O$49,MATCH($A73,'Laminat xom ashyo'!$C$5:$C$49,0)),0) -> 0 | L73: =IFERROR(INDEX('Krasheniy xom ashyo'!$O$5:$O$35,MATCH($A73,'Krasheniy xom ashyo'!$C$5:$C$35,0)),J73) -> 2000 | M73: =IFERROR(INDEX('Krasheniy xom ashyo'!$K$5:$K$35,MATCH($A73,'Krasheniy xom ashyo'!$C$5:$C$35,0)),K73) -> 0
A74: Shurup 3.5×16 | B74: dona | C74: =C11*(4*C12*C15*C32+16*C18+6*C19+2*C20) -> 38 | D74: =D11*(4*D12*D15*D32+16*D18+6*D19+2*D20) -> 52 | E74: =E11*(4*E12*E15*E32+16*E18+6*E19+2*E20) -> 44 | F74: =F11*(4*F12*F15*F32+16*F18+6*F19+2*F20) -> 0 | G74: =G11*(4*G12*G15*G32+16*G18+6*G19+2*G20) -> 0 | H74: =H11*(4*H12*H15*H32+16*H18+6*H19+2*H20) -> 0 | I74: =C74*C7+D74*D7+E74*E7+F74*F7+G74*G7+H74*H7 -> 134 | J74: =IFERROR(INDEX('Laminat xom ashyo'!$S$5:$S$49,MATCH($A74,'Laminat xom ashyo'!$C$5:$C$49,0)),0) -> 80 | K74: =IFERROR(INDEX('Laminat xom ashyo'!$O$5:$O$49,MATCH($A74,'Laminat xom ashyo'!$C$5:$C$49,0)),0) -> 0 | L74: =IFERROR(INDEX('Krasheniy xom ashyo'!$O$5:$O$35,MATCH($A74,'Krasheniy xom ashyo'!$C$5:$C$35,0)),J74) -> 80 | M74: =IFERROR(INDEX('Krasheniy xom ashyo'!$K$5:$K$35,MATCH($A74,'Krasheniy xom ashyo'!$C$5:$C$35,0)),K74) -> 0
A75: DVP mixi / skobasi | B75: dona | C75: =C11*C21*ROUNDUP(2*(C8+C9)/100,0) -> 88 | D75: =D11*D21*ROUNDUP(2*(D8+D9)/100,0) -> 68 | E75: =E11*E21*ROUNDUP(2*(E8+E9)/100,0) -> 0 | F75: =F11*F21*ROUNDUP(2*(F8+F9)/100,0) -> 0 | G75: =G11*G21*ROUNDUP(2*(G8+G9)/100,0) -> 0 | H75: =H11*H21*ROUNDUP(2*(H8+H9)/100,0) -> 0 | I75: =C75*C7+D75*D7+E75*E7+F75*F7+G75*G7+H75*H7 -> 156 | J75: =IFERROR(INDEX('Laminat xom ashyo'!$S$5:$S$49,MATCH($A75,'Laminat xom ashyo'!$C$5:$C$49,0)),0) -> 40 | K75: =IFERROR(INDEX('Laminat xom ashyo'!$O$5:$O$49,MATCH($A75,'Laminat xom ashyo'!$C$5:$C$49,0)),0) -> 0 | L75: =IFERROR(INDEX('Krasheniy xom ashyo'!$O$5:$O$35,MATCH($A75,'Krasheniy xom ashyo'!$C$5:$C$35,0)),J75) -> 40 | M75: =IFERROR(INDEX('Krasheniy xom ashyo'!$K$5:$K$35,MATCH($A75,'Krasheniy xom ashyo'!$C$5:$C$35,0)),K75) -> 0
A76: Ilgak (kiyim ilmog'i) | B76: dona | C76: =C11*C20 -> 0 | D76: =D11*D20 -> 6 | E76: =E11*E20 -> 0 | F76: =F11*F20 -> 0 | G76: =G11*G20 -> 0 | H76: =H11*H20 -> 0 | I76: =C76*C7+D76*D7+E76*E7+F76*F7+G76*G7+H76*H7 -> 6 | J76: =IFERROR(INDEX('Laminat xom ashyo'!$S$5:$S$49,MATCH($A76,'Laminat xom ashyo'!$C$5:$C$49,0)),0) -> 0 | K76: =IFERROR(INDEX('Laminat xom ashyo'!$O$5:$O$49,MATCH($A76,'Laminat xom ashyo'!$C$5:$C$49,0)),0) -> 0 | L76: =IFERROR(INDEX('Krasheniy xom ashyo'!$O$5:$O$35,MATCH($A76,'Krasheniy xom ashyo'!$C$5:$C$35,0)),J76) -> 0 | M76: =IFERROR(INDEX('Krasheniy xom ashyo'!$K$5:$K$35,MATCH($A76,'Krasheniy xom ashyo'!$C$5:$C$35,0)),K76) -> 0
A77: Oyna kleyi (germetik) | B77: tuba | C77: =C11*C12*ROUNDUP(C16/2,0) -> 0 | D77: =D11*D12*ROUNDUP(D16/2,0) -> 1 | E77: =E11*E12*ROUNDUP(E16/2,0) -> 0 | F77: =F11*F12*ROUNDUP(F16/2,0) -> 0 | G77: =G11*G12*ROUNDUP(G16/2,0) -> 0 | H77: =H11*H12*ROUNDUP(H16/2,0) -> 0 | I77: =C77*C7+D77*D7+E77*E7+F77*F7+G77*G7+H77*H7 -> 1 | J77: =IFERROR(INDEX('Laminat xom ashyo'!$S$5:$S$49,MATCH($A77,'Laminat xom ashyo'!$C$5:$C$49,0)),0) -> 50000 | K77: =IFERROR(INDEX('Laminat xom ashyo'!$O$5:$O$49,MATCH($A77,'Laminat xom ashyo'!$C$5:$C$49,0)),0) -> 0 | L77: =IFERROR(INDEX('Krasheniy xom ashyo'!$O$5:$O$35,MATCH($A77,'Krasheniy xom ashyo'!$C$5:$C$35,0)),J77) -> 50000 | M77: =IFERROR(INDEX('Krasheniy xom ashyo'!$K$5:$K$35,MATCH($A77,'Krasheniy xom ashyo'!$C$5:$C$35,0)),K77) -> 0
A78: Oyna qirrasini silliqlash (xizmat) | B78: m | C78: =C11*C16*2*IF(C13=1,C30+C31,MAX(0,C30-2*k_oyna_chet)+MAX(0,C31-2*k_oyna_chet))/1000 -> 6.75 | D78: =D11*D16*2*IF(D13=1,D30+D31,MAX(0,D30-2*k_oyna_chet)+MAX(0,D31-2*k_oyna_chet))/1000 -> 5.028 | E78: =E11*E16*2*IF(E13=1,E30+E31,MAX(0,E30-2*k_oyna_chet)+MAX(0,E31-2*k_oyna_chet))/1000 -> 0 | F78: =F11*F16*2*IF(F13=1,F30+F31,MAX(0,F30-2*k_oyna_chet)+MAX(0,F31-2*k_oyna_chet))/1000 -> 0 | G78: =G11*G16*2*IF(G13=1,G30+G31,MAX(0,G30-2*k_oyna_chet)+MAX(0,G31-2*k_oyna_chet))/1000 -> 0 | H78: =H11*H16*2*IF(H13=1,H30+H31,MAX(0,H30-2*k_oyna_chet)+MAX(0,H31-2*k_oyna_chet))/1000 -> 0 | I78: =C78*C7+D78*D7+E78*E7+F78*F7+G78*G7+H78*H7 -> 11.778 | J78: =IFERROR(INDEX('Laminat xom ashyo'!$S$5:$S$49,MATCH($A78,'Laminat xom ashyo'!$C$5:$C$49,0)),0) -> 5000 | K78: =IFERROR(INDEX('Laminat xom ashyo'!$O$5:$O$49,MATCH($A78,'Laminat xom ashyo'!$C$5:$C$49,0)),0) -> 0 | L78: =IFERROR(INDEX('Krasheniy xom ashyo'!$O$5:$O$35,MATCH($A78,'Krasheniy xom ashyo'!$C$5:$C$35,0)),J78) -> 5000 | M78: =IFERROR(INDEX('Krasheniy xom ashyo'!$K$5:$K$35,MATCH($A78,'Krasheniy xom ashyo'!$C$5:$C$35,0)),K78) -> 0
A79: Gofrokarton | B79: m² | C79: =ROUND((C52*ldsp_L*ldsp_W/1000000+C53*mdf_L*mdf_W/1000000)*upak_koef,1) -> 6 | D79: =ROUND((D52*ldsp_L*ldsp_W/1000000+D53*mdf_L*mdf_W/1000000)*upak_koef,1) -> 3.4 | E79: =ROUND((E52*ldsp_L*ldsp_W/1000000+E53*mdf_L*mdf_W/1000000)*upak_koef,1) -> 6.9 | F79: =ROUND((F52*ldsp_L*ldsp_W/1000000+F53*mdf_L*mdf_W/1000000)*upak_koef,1) -> 0 | G79: =ROUND((G52*ldsp_L*ldsp_W/1000000+G53*mdf_L*mdf_W/1000000)*upak_koef,1) -> 0 | H79: =ROUND((H52*ldsp_L*ldsp_W/1000000+H53*mdf_L*mdf_W/1000000)*upak_koef,1) -> 0 | I79: =C79*C7+D79*D7+E79*E7+F79*F7+G79*G7+H79*H7 -> 16.3 | J79: =IFERROR(INDEX('Laminat xom ashyo'!$S$5:$S$49,MATCH($A79,'Laminat xom ashyo'!$C$5:$C$49,0)),0) -> 10000 | K79: =IFERROR(INDEX('Laminat xom ashyo'!$O$5:$O$49,MATCH($A79,'Laminat xom ashyo'!$C$5:$C$49,0)),0) -> 0 | L79: =IFERROR(INDEX('Krasheniy xom ashyo'!$O$5:$O$35,MATCH($A79,'Krasheniy xom ashyo'!$C$5:$C$35,0)),J79) -> 10000 | M79: =IFERROR(INDEX('Krasheniy xom ashyo'!$K$5:$K$35,MATCH($A79,'Krasheniy xom ashyo'!$C$5:$C$35,0)),K79) -> 0
A80: Strech-plyonka | B80: rulon | C80: =ROUND((C52*ldsp_L*ldsp_W/1000000+C53*mdf_L*mdf_W/1000000)*0.05,1) -> 0.6 | D80: =ROUND((D52*ldsp_L*ldsp_W/1000000+D53*mdf_L*mdf_W/1000000)*0.05,1) -> 0.3 | E80: =ROUND((E52*ldsp_L*ldsp_W/1000000+E53*mdf_L*mdf_W/1000000)*0.05,1) -> 0.7 | F80: =ROUND((F52*ldsp_L*ldsp_W/1000000+F53*mdf_L*mdf_W/1000000)*0.05,1) -> 0 | G80: =ROUND((G52*ldsp_L*ldsp_W/1000000+G53*mdf_L*mdf_W/1000000)*0.05,1) -> 0 | H80: =ROUND((H52*ldsp_L*ldsp_W/1000000+H53*mdf_L*mdf_W/1000000)*0.05,1) -> 0 | I80: =C80*C7+D80*D7+E80*E7+F80*F7+G80*G7+H80*H7 -> 1.6 | J80: =IFERROR(INDEX('Laminat xom ashyo'!$S$5:$S$49,MATCH($A80,'Laminat xom ashyo'!$C$5:$C$49,0)),0) -> 20000 | K80: =IFERROR(INDEX('Laminat xom ashyo'!$O$5:$O$49,MATCH($A80,'Laminat xom ashyo'!$C$5:$C$49,0)),0) -> 0 | L80: =IFERROR(INDEX('Krasheniy xom ashyo'!$O$5:$O$35,MATCH($A80,'Krasheniy xom ashyo'!$C$5:$C$35,0)),J80) -> 20000 | M80: =IFERROR(INDEX('Krasheniy xom ashyo'!$K$5:$K$35,MATCH($A80,'Krasheniy xom ashyo'!$C$5:$C$35,0)),K80) -> 0
A81: Skotch | B81: dona | C81: =ROUNDUP((C52*ldsp_L*ldsp_W/1000000+C53*mdf_L*mdf_W/1000000)/10,0) -> 2 | D81: =ROUNDUP((D52*ldsp_L*ldsp_W/1000000+D53*mdf_L*mdf_W/1000000)/10,0) -> 1 | E81: =ROUNDUP((E52*ldsp_L*ldsp_W/1000000+E53*mdf_L*mdf_W/1000000)/10,0) -> 2 | F81: =ROUNDUP((F52*ldsp_L*ldsp_W/1000000+F53*mdf_L*mdf_W/1000000)/10,0) -> 0 | G81: =ROUNDUP((G52*ldsp_L*ldsp_W/1000000+G53*mdf_L*mdf_W/1000000)/10,0) -> 0 | H81: =ROUNDUP((H52*ldsp_L*ldsp_W/1000000+H53*mdf_L*mdf_W/1000000)/10,0) -> 0 | I81: =C81*C7+D81*D7+E81*E7+F81*F7+G81*G7+H81*H7 -> 5 | J81: =IFERROR(INDEX('Laminat xom ashyo'!$S$5:$S$49,MATCH($A81,'Laminat xom ashyo'!$C$5:$C$49,0)),0) -> 10000 | K81: =IFERROR(INDEX('Laminat xom ashyo'!$O$5:$O$49,MATCH($A81,'Laminat xom ashyo'!$C$5:$C$49,0)),0) -> 0 | L81: =IFERROR(INDEX('Krasheniy xom ashyo'!$O$5:$O$35,MATCH($A81,'Krasheniy xom ashyo'!$C$5:$C$35,0)),J81) -> 10000 | M81: =IFERROR(INDEX('Krasheniy xom ashyo'!$K$5:$K$35,MATCH($A81,'Krasheniy xom ashyo'!$C$5:$C$35,0)),K81) -> 0
A82: Burchak himoyasi (ugolok) | B82: dona | C82: =ROUNDUP((C52*ldsp_L*ldsp_W/1000000+C53*mdf_L*mdf_W/1000000),0) -> 12 | D82: =ROUNDUP((D52*ldsp_L*ldsp_W/1000000+D53*mdf_L*mdf_W/1000000),0) -> 7 | E82: =ROUNDUP((E52*ldsp_L*ldsp_W/1000000+E53*mdf_L*mdf_W/1000000),0) -> 14 | F82: =ROUNDUP((F52*ldsp_L*ldsp_W/1000000+F53*mdf_L*mdf_W/1000000),0) -> 0 | G82: =ROUNDUP((G52*ldsp_L*ldsp_W/1000000+G53*mdf_L*mdf_W/1000000),0) -> 0 | H82: =ROUNDUP((H52*ldsp_L*ldsp_W/1000000+H53*mdf_L*mdf_W/1000000),0) -> 0 | I82: =C82*C7+D82*D7+E82*E7+F82*F7+G82*G7+H82*H7 -> 33 | J82: =IFERROR(INDEX('Laminat xom ashyo'!$S$5:$S$49,MATCH($A82,'Laminat xom ashyo'!$C$5:$C$49,0)),0) -> 2000 | K82: =IFERROR(INDEX('Laminat xom ashyo'!$O$5:$O$49,MATCH($A82,'Laminat xom ashyo'!$C$5:$C$49,0)),0) -> 0 | L82: =IFERROR(INDEX('Krasheniy xom ashyo'!$O$5:$O$35,MATCH($A82,'Krasheniy xom ashyo'!$C$5:$C$35,0)),J82) -> 2000 | M82: =IFERROR(INDEX('Krasheniy xom ashyo'!$K$5:$K$35,MATCH($A82,'Krasheniy xom ashyo'!$C$5:$C$35,0)),K82) -> 0
A83: Raskroy (kesish) xizmati | B83: list | C83: =C52+C53 -> 2.0602093 | D83: =D52+D53 -> 1.1810383 | E83: =E52+E53 -> 2.371608 | F83: =F52+F53 -> 0 | G83: =G52+G53 -> 0 | H83: =H52+H53 -> 0 | I83: =C83*C7+D83*D7+E83*E7+F83*F7+G83*G7+H83*H7 -> 5.6128556 | J83: =IFERROR(INDEX('Laminat xom ashyo'!$S$5:$S$49,MATCH($A83,'Laminat xom ashyo'!$C$5:$C$49,0)),0) -> 35000 | K83: =IFERROR(INDEX('Laminat xom ashyo'!$O$5:$O$49,MATCH($A83,'Laminat xom ashyo'!$C$5:$C$49,0)),0) -> 0.15 | L83: =IFERROR(INDEX('Krasheniy xom ashyo'!$O$5:$O$35,MATCH($A83,'Krasheniy xom ashyo'!$C$5:$C$35,0)),J83) -> 0 | M83: =IFERROR(INDEX('Krasheniy xom ashyo'!$K$5:$K$35,MATCH($A83,'Krasheniy xom ashyo'!$C$5:$C$35,0)),K83) -> 0.15
A84: Bo'yash xizmati (tashqi) | B84: m² | C84: =C49 -> 0 | D84: =D49 -> 0 | E84: =E49 -> 0 | F84: =F49 -> 0 | G84: =G49 -> 0 | H84: =H49 -> 0 | I84: =C84*C7+D84*D7+E84*E7+F84*F7+G84*G7+H84*H7 -> 0 | J84: =IFERROR(INDEX('Laminat xom ashyo'!$S$5:$S$49,MATCH($A84,'Laminat xom ashyo'!$C$5:$C$49,0)),0) -> 0 | K84: =IFERROR(INDEX('Laminat xom ashyo'!$O$5:$O$49,MATCH($A84,'Laminat xom ashyo'!$C$5:$C$49,0)),0) -> 0 | L84: =IFERROR(INDEX('Krasheniy xom ashyo'!$O$5:$O$35,MATCH($A84,'Krasheniy xom ashyo'!$C$5:$C$35,0)),J84) -> 0 | M84: =IFERROR(INDEX('Krasheniy xom ashyo'!$K$5:$K$35,MATCH($A84,'Krasheniy xom ashyo'!$C$5:$C$35,0)),K84) -> 0
A86: Narx (so'm)
A87: Xom ashyo (soni bilan) | B87: so'm | C87: =C7*SUMPRODUCT(C$52:C$84,(1+$K$52:$K$84)*$J$52:$J$84*(1-C24)+(1+$M$52:$M$84)*$L$52:$L$84*C24) -> 2178652.3 | D87: =D7*SUMPRODUCT(D$52:D$84,(1+$K$52:$K$84)*$J$52:$J$84*(1-D24)+(1+$M$52:$M$84)*$L$52:$L$84*D24) -> 1411005.4 | E87: =E7*SUMPRODUCT(E$52:E$84,(1+$K$52:$K$84)*$J$52:$J$84*(1-E24)+(1+$M$52:$M$84)*$L$52:$L$84*E24) -> 1874358 | F87: =F7*SUMPRODUCT(F$52:F$84,(1+$K$52:$K$84)*$J$52:$J$84*(1-F24)+(1+$M$52:$M$84)*$L$52:$L$84*F24) -> 0 | G87: =G7*SUMPRODUCT(G$52:G$84,(1+$K$52:$K$84)*$J$52:$J$84*(1-G24)+(1+$M$52:$M$84)*$L$52:$L$84*G24) -> 0 | H87: =H7*SUMPRODUCT(H$52:H$84,(1+$K$52:$K$84)*$J$52:$J$84*(1-H24)+(1+$M$52:$M$84)*$L$52:$L$84*H24) -> 0 | I87: =SUM(C87:H87) -> 5464015.8
A88: Usta haqi (xom ashyo × usta %) | B88: so'm | C88: =C87*usta_foiz_k -> 0 | D88: =D87*usta_foiz_k -> 0 | E88: =E87*usta_foiz_k -> 0 | F88: =F87*usta_foiz_k -> 0 | G88: =G87*usta_foiz_k -> 0 | H88: =H87*usta_foiz_k -> 0 | I88: =SUM(C88:H88) -> 0
A89: TAN NARX | B89: so'm | C89: =C87+C88 -> 2178652.3 | D89: =D87+D88 -> 1411005.4 | E89: =E87+E88 -> 1874358 | F89: =F87+F88 -> 0 | G89: =G87+G88 -> 0 | H89: =H87+H88 -> 0 | I89: =SUM(C89:H89) -> 5464015.8
A90: Sotuv narxi — 1 dona (naqd) | B90: so'm | C90: =IF(C7=0,0,ROUNDUP(C89/C7*(1+ustama_korpus)/yaxlit,0)*yaxlit) -> 2179000 | D90: =IF(D7=0,0,ROUNDUP(D89/D7*(1+ustama_korpus)/yaxlit,0)*yaxlit) -> 1412000 | E90: =IF(E7=0,0,ROUNDUP(E89/E7*(1+ustama_korpus)/yaxlit,0)*yaxlit) -> 1875000 | F90: =IF(F7=0,0,ROUNDUP(F89/F7*(1+ustama_korpus)/yaxlit,0)*yaxlit) -> 0 | G90: =IF(G7=0,0,ROUNDUP(G89/G7*(1+ustama_korpus)/yaxlit,0)*yaxlit) -> 0 | H90: =IF(H7=0,0,ROUNDUP(H89/H7*(1+ustama_korpus)/yaxlit,0)*yaxlit) -> 0
A91: SOTUV NARXI (naqd) | B91: so'm | C91: =C90*C7 -> 2179000 | D91: =D90*D7 -> 1412000 | E91: =E90*E7 -> 1875000 | F91: =F90*F7 -> 0 | G91: =G90*G7 -> 0 | H91: =H90*H7 -> 0 | I91: =SUM(C91:H91) -> 5466000
A92: Narxi yo'q kerakli xom ashyo | B92: ta | C92: =C11*SUMPRODUCT((C$52:C$84>0)*(C24*($L$52:$L$84=0)+(1-C24)*($J$52:$J$84=0))) -> 3 | D92: =D11*SUMPRODUCT((D$52:D$84>0)*(D24*($L$52:$L$84=0)+(1-D24)*($J$52:$J$84=0))) -> 1 | E92: =E11*SUMPRODUCT((E$52:E$84>0)*(E24*($L$52:$L$84=0)+(1-E24)*($J$52:$J$84=0))) -> 1 | F92: =F11*SUMPRODUCT((F$52:F$84>0)*(F24*($L$52:$L$84=0)+(1-F24)*($J$52:$J$84=0))) -> 0 | G92: =G11*SUMPRODUCT((G$52:G$84>0)*(G24*($L$52:$L$84=0)+(1-G24)*($J$52:$J$84=0))) -> 0 | H92: =H11*SUMPRODUCT((H$52:H$84>0)*(H24*($L$52:$L$84=0)+(1-H24)*($J$52:$J$84=0))) -> 0 | I92: =SUM(C92:H92) -> 5
A93: LDSP + MDF maydoni (1 dona) | B93: m² | C93: =(C52*ldsp_L*ldsp_W/1000000+C53*mdf_L*mdf_W/1000000) -> 11.940973 | D93: =(D52*ldsp_L*ldsp_W/1000000+D53*mdf_L*mdf_W/1000000) -> 6.845298 | E93: =(E52*ldsp_L*ldsp_W/1000000+E53*mdf_L*mdf_W/1000000) -> 13.74584 | F93: =(F52*ldsp_L*ldsp_W/1000000+F53*mdf_L*mdf_W/1000000) -> 0 | G93: =(G52*ldsp_L*ldsp_W/1000000+G53*mdf_L*mdf_W/1000000) -> 0 | H93: =(H52*ldsp_L*ldsp_W/1000000+H53*mdf_L*mdf_W/1000000) -> 0

Sheet Tariflar
A1: Muddatli to'lov tariflari va joriy buyurtma hisobi
A2: Oylik ustama oldindan to'lov ulushiga qarab olinadi. Hisoblashda faqat "dan" ustuni ishlatiladi: masalan 19.5% → 0–19% qatori, 20% → 20% dan boshlanadigan qator. Yangi qator qo'shish uchun pastdagi bo'sh qatorlarga yozing.
A5: Muddat (oy) | B5: Oldindan to'lov: dan | C5: Oldindan to'lov: gacha | D5: Oylik ustama | E5: Izoh
A6: 3 | B6: 0 | C6: 0.19 | D6: 0.05
A7: 3 | B7: 0.2 | C7: 0.24 | D7: 0.033
A8: 3 | B8: 0.25 | C8: 1 | D8: 0 | E8: 3 oyga ustamasiz
A9: 6 | B9: 0 | C9: 0.19 | D9: 0.04
A10: 6 | B10: 0.2 | C10: 1 | D10: 0.033
A11: 12 | B11: 0 | C11: 0.19 | D11: 0.035
A12: 12 | B12: 0.2 | C12: 1 | D12: 0.033
A13: 18 | B13: 0 | C13: 0.19 | D13: 0.033
A14: 18 | B14: 0.2 | C14: 1 | D14: 0.03 | E14: Xabaringizda "3 oyga" deb yozilgan — 18 oy deb oldim, tekshiring
A27: Sozlama
A28: Ustama hisoblanadigan summa | C28: Qoldiq (narx − oldindan to'lov) | E28: Odatda qoldiq summaga: ustama = (narx − oldindan to'lov) × oylik % × oy
A29: Muddatlar (Buyurtma ro'yxati) | B29: 3 | C29: 6 | D29: 12 | E29: 18 | F29: oy
A31: Joriy buyurtma bo'yicha hisob
A32: Naqd narx (barcha bo'limlar, chegirma bilan) | B32: =naqd_chegirma_bilan -> 9660000
A33: Oldindan to'lov | B33: =IF(N(p_old_summa)>0,MIN(p_old_summa,naqd_narx),MIN(naqd_narx,ROUNDUP(naqd_narx*N(p_old_foiz)/yaxlit,0)*yaxlit)) -> 0
A34: Oldindan to'lov ulushi | B34: =IF(naqd_narx=0,0,old_tolov/naqd_narx) -> 0
A35: Qoldiq (bo'lib to'lanadigan summa) | B35: =naqd_narx-old_tolov -> 9660000
A37: To'lov turi | B37: Muddat (oy) | C37: Oylik ustama | D37: Ustama summasi | E37: Oylik to'lov | F37: Jami to'lov | G37: Naqddan farq | H37: Izoh
A38: Naqd | B38: 0 | C38: 0 | D38: 0 | E38: 0 | F38: =naqd_narx -> 9660000 | G38: =F38-naqd_narx -> 0 | H38: Bir yo'la to'lov
A39: =$B$29&" oy" -> 3 oy | B39: =$B$29 -> 3 | C39: =SUMIFS($D$6:$D$25,$A$6:$A$25,B39,$B$6:$B$25,SUMPRODUCT(MAX(($A$6:$A$25=B39)*($B$6:$B$25<=old_ulush+0.000001)*$B$6:$B$25))) -> 0.05 | D39: =IF(LEFT(tarif_baza,6)="Qoldiq",qoldiq,naqd_narx)*C39*B39 -> 1449000 | E39: =IF(B39=0,0,ROUNDUP((qoldiq+D39)/B39/yaxlit,0)*yaxlit) -> 3703000 | F39: =old_tolov+E39*B39 -> 11109000 | G39: =F39-naqd_narx -> 1449000 | H39: =IF(COUNTIF($A$6:$A$25,B39)=0,"Diqqat: bu muddat uchun tarif yo'q","")
A40: =$C$29&" oy" -> 6 oy | B40: =$C$29 -> 6 | C40: =SUMIFS($D$6:$D$25,$A$6:$A$25,B40,$B$6:$B$25,SUMPRODUCT(MAX(($A$6:$A$25=B40)*($B$6:$B$25<=old_ulush+0.000001)*$B$6:$B$25))) -> 0.04 | D40: =IF(LEFT(tarif_baza,6)="Qoldiq",qoldiq,naqd_narx)*C40*B40 -> 2318400 | E40: =IF(B40=0,0,ROUNDUP((qoldiq+D40)/B40/yaxlit,0)*yaxlit) -> 1997000 | F40: =old_tolov+E40*B40 -> 11982000 | G40: =F40-naqd_narx -> 2322000 | H40: =IF(COUNTIF($A$6:$A$25,B40)=0,"Diqqat: bu muddat uchun tarif yo'q","")
A41: =$D$29&" oy" -> 12 oy | B41: =$D$29 -> 12 | C41: =SUMIFS($D$6:$D$25,$A$6:$A$25,B41,$B$6:$B$25,SUMPRODUCT(MAX(($A$6:$A$25=B41)*($B$6:$B$25<=old_ulush+0.000001)*$B$6:$B$25))) -> 0.035 | D41: =IF(LEFT(tarif_baza,6)="Qoldiq",qoldiq,naqd_narx)*C41*B41 -> 4057200 | E41: =IF(B41=0,0,ROUNDUP((qoldiq+D41)/B41/yaxlit,0)*yaxlit) -> 1144000 | F41: =old_tolov+E41*B41 -> 13728000 | G41: =F41-naqd_narx -> 4068000 | H41: =IF(COUNTIF($A$6:$A$25,B41)=0,"Diqqat: bu muddat uchun tarif yo'q","")
A42: =$E$29&" oy" -> 18 oy | B42: =$E$29 -> 18 | C42: =SUMIFS($D$6:$D$25,$A$6:$A$25,B42,$B$6:$B$25,SUMPRODUCT(MAX(($A$6:$A$25=B42)*($B$6:$B$25<=old_ulush+0.000001)*$B$6:$B$25))) -> 0.033 | D42: =IF(LEFT(tarif_baza,6)="Qoldiq",qoldiq,naqd_narx)*C42*B42 -> 5738040 | E42: =IF(B42=0,0,ROUNDUP((qoldiq+D42)/B42/yaxlit,0)*yaxlit) -> 856000 | F42: =old_tolov+E42*B42 -> 15408000 | G42: =F42-naqd_narx -> 5748000 | H42: =IF(COUNTIF($A$6:$A$25,B42)=0,"Diqqat: bu muddat uchun tarif yo'q","")
A44: Tanlangan (Buyurtma varag'idan)
A45: Tanlangan muddat (oy, 0 = naqd) | B45: =IF(p_tolov_turi="Naqd",0,IFERROR(VALUE(LEFT(p_tolov_turi,FIND(" ",p_tolov_turi)-1)),0)) -> 0
A46: Tanlangan qator | B46: =IFERROR(MATCH(tanlangan_oy,$B$38:$B$42,0),1) -> 1
A47: To'lov turi | B47: =INDEX($A$38:$A$42,tanlangan_q) -> Naqd
A48: Oylik ustama | B48: =INDEX($C$38:$C$42,tanlangan_q) -> 0
A49: Oylik to'lov | B49: =INDEX($E$38:$E$42,tanlangan_q) -> 0
A50: Jami to'lov | B50: =INDEX($F$38:$F$42,tanlangan_q) -> 9660000

Sheet Ro'yxat
A1: Buyurtma ro'yxati — avtomatik (Mijoz uchun varag'i shu yerdan oladi)
A3: Bo'lim | B3: Mahsulot | C3: Tavsif | D3: Miqdori | E3: Birlik narxi (so'm) | F3: Summa (so'm) | G3: Kiritiladi (1/0) | H3: Tartib
A4: Spalniy garnitur | B4: Shkaf | C4: =Tannarx!B38 -> 240×60×220 sm, 6 eshik, 2 oyna, laminat | D4: =Tannarx!C38&" dona" -> 1 dona | E4: =Tannarx!D38 -> 3060000 | F4: =Tannarx!E38 -> 3060000 | G4: =IF(AND(p_m_spalniy="Ha",N(F4)>0),1,0) -> 1 | H4: =IF(G4=1,COUNTIF(G$4:G4,1),"") -> 1
A5: Spalniy garnitur | B5: Krovat | C5: =Tannarx!B39 -> 170×220 sm, spinka 150 sm, figurali, oddiy kapot | D5: =Tannarx!C39&" dona" -> 1 dona | E5: =Tannarx!D39 -> 1183000 | F5: =Tannarx!E39 -> 1183000 | G5: =IF(AND(p_m_spalniy="Ha",N(F5)>0),1,0) -> 1 | H5: =IF(G5=1,COUNTIF(G$4:G5,1),"") -> 2
A6: Spalniy garnitur | B6: Matras | C6: =Tannarx!B40 -> 180x200 sm | D6: =Tannarx!C40&" dona" -> 1 dona | E6: =Tannarx!D40 -> 1200000 | F6: =Tannarx!E40 -> 1200000 | G6: =IF(AND(p_m_spalniy="Ha",N(F6)>0),1,0) -> 1 | H6: =IF(G6=1,COUNTIF(G$4:G6,1),"") -> 3
A7: Spalniy garnitur | B7: Tumbochka | C7: =Tannarx!B41 -> 50×40×60 sm, 2 yashik, laminat | D7: =Tannarx!C41&" dona" -> 1 dona | E7: =Tannarx!D41 -> 579000 | F7: =Tannarx!E41 -> 579000 | G7: =IF(AND(p_m_spalniy="Ha",N(F7)>0),1,0) -> 1 | H7: =IF(G7=1,COUNTIF(G$4:G7,1),"") -> 4
A8: Spalniy garnitur | B8: Trimo | C8: =Tannarx!B42 -> 160×45×83 sm, laminat | D8: =Tannarx!C42&" dona" -> 1 dona | E8: =Tannarx!D42 -> 1383000 | F8: =Tannarx!E42 -> 1383000 | G8: =IF(AND(p_m_spalniy="Ha",N(F8)>0),1,0) -> 1 | H8: =IF(G8=1,COUNTIF(G$4:G8,1),"") -> 5
A9: Spalniy garnitur | B9: Chester | C9: =Tannarx!B43 -> 80×50×100 sm, 4 yashik, laminat | D9: =Tannarx!C43&" dona" -> 1 dona | E9: =Tannarx!D43 -> 1302000 | F9: =Tannarx!E43 -> 1302000 | G9: =IF(AND(p_m_spalniy="Ha",N(F9)>0),1,0) -> 1 | H9: =IF(G9=1,COUNTIF(G$4:G9,1),"") -> 6
A10: Spalniy garnitur | B10: Pufik | C10: =Tannarx!B44 -> 40×40×45 sm | D10: =Tannarx!C44&" dona" -> 1 dona | E10: =Tannarx!D44 -> 186000 | F10: =Tannarx!E44 -> 186000 | G10: =IF(AND(p_m_spalniy="Ha",N(F10)>0),1,0) -> 1 | H10: =IF(G10=1,COUNTIF(G$4:G10,1),"") -> 7
A11: Spalniy garnitur | B11: Stoyka oyna | C11: =Tannarx!B45 -> 160×50 sm | D11: =Tannarx!C45&" dona" -> 1 dona | E11: =Tannarx!D45 -> 412000 | F11: =Tannarx!E45 -> 412000 | G11: =IF(AND(p_m_spalniy="Ha",N(F11)>0),1,0) -> 1 | H11: =IF(G11=1,COUNTIF(G$4:G11,1),"") -> 8
A12: Spalniy garnitur | B12: Qadoqlash | C12: =Tannarx!B46 -> Butun buyurtma uchun | D12: =Tannarx!C46&" dona" -> 1 dona | E12: =Tannarx!D46 -> 355000 | F12: =Tannarx!E46 -> 355000 | G12: =IF(AND(p_m_spalniy="Ha",N(F12)>0),1,0) -> 1 | H12: =IF(G12=1,COUNTIF(G$4:G12,1),"") -> 9
A13: Oshxona mebeli | B13: Oshxona mebeli | C13: =IF(Oshxona!B5="","",Oshxona!B5&", balandligi "&Oshxona!C5&" m") -> Akril, balandligi 2,2 m | D13: =IF(Oshxona!D5="","",Oshxona!D5&" m") -> 3 m | E13: =N(Oshxona!J5) -> 3015000 | F13: =N(Oshxona!K5) -> 9045000 | G13: =IF(AND(p_m_oshxona="Ha",F13>0),1,0) -> 0 | H13: =IF(G13=1,COUNTIF(G$4:G13,1),"")
A14: Oshxona mebeli | B14: Oshxona mebeli | C14: =IF(Oshxona!B6="","",Oshxona!B6&", balandligi "&Oshxona!C6&" m") | D14: =IF(Oshxona!D6="","",Oshxona!D6&" m") | E14: =N(Oshxona!J6) -> 0 | F14: =N(Oshxona!K6) -> 0 | G14: =IF(AND(p_m_oshxona="Ha",F14>0),1,0) -> 0 | H14: =IF(G14=1,COUNTIF(G$4:G14,1),"")
A15: Oshxona mebeli | B15: Oshxona mebeli | C15: =IF(Oshxona!B7="","",Oshxona!B7&", balandligi "&Oshxona!C7&" m") | D15: =IF(Oshxona!D7="","",Oshxona!D7&" m") | E15: =N(Oshxona!J7) -> 0 | F15: =N(Oshxona!K7) -> 0 | G15: =IF(AND(p_m_oshxona="Ha",F15>0),1,0) -> 0 | H15: =IF(G15=1,COUNTIF(G$4:G15,1),"")
A16: Oshxona mebeli | B16: Oshxona mebeli | C16: =IF(Oshxona!B8="","",Oshxona!B8&", balandligi "&Oshxona!C8&" m") | D16: =IF(Oshxona!D8="","",Oshxona!D8&" m") | E16: =N(Oshxona!J8) -> 0 | F16: =N(Oshxona!K8) -> 0 | G16: =IF(AND(p_m_oshxona="Ha",F16>0),1,0) -> 0 | H16: =IF(G16=1,COUNTIF(G$4:G16,1),"")
A17: Oshxona mebeli | B17: Oshxona mebeli | C17: =IF(Oshxona!B9="","",Oshxona!B9&", balandligi "&Oshxona!C9&" m") | D17: =IF(Oshxona!D9="","",Oshxona!D9&" m") | E17: =N(Oshxona!J9) -> 0 | F17: =N(Oshxona!K9) -> 0 | G17: =IF(AND(p_m_oshxona="Ha",F17>0),1,0) -> 0 | H17: =IF(G17=1,COUNTIF(G$4:G17,1),"")
A18: Oshxona mebeli | B18: Oshxona mebeli | C18: =IF(Oshxona!B10="","",Oshxona!B10&", balandligi "&Oshxona!C10&" m") | D18: =IF(Oshxona!D10="","",Oshxona!D10&" m") | E18: =N(Oshxona!J10) -> 0 | F18: =N(Oshxona!K10) -> 0 | G18: =IF(AND(p_m_oshxona="Ha",F18>0),1,0) -> 0 | H18: =IF(G18=1,COUNTIF(G$4:G18,1),"")
A19: Korpus mebel | B19: =IF('Korpus hisob'!C6="","Korpus mebel",'Korpus hisob'!C6) -> Shkaf | C19: ='Korpus mebel'!C38 -> 200×60×240 sm, 2 ta kupe eshik, 1 oyna, laminat — Namuna: yotoqxona | D19: ='Korpus hisob'!C7&" dona" -> 1 dona | E19: ='Korpus hisob'!C90 -> 2179000 | F19: ='Korpus hisob'!C91 -> 2179000 | G19: =IF(AND(p_m_korpus="Ha",F19>0),1,0) -> 0 | H19: =IF(G19=1,COUNTIF(G$4:G19,1),"")
A20: Korpus mebel | B20: =IF('Korpus hisob'!D6="","Korpus mebel",'Korpus hisob'!D6) -> Prixojka | C20: ='Korpus mebel'!D38 -> 120×40×220 sm, 2 ta oddiy eshik, 1 oyna, laminat — Namuna: yo'lak | D20: ='Korpus hisob'!D7&" dona" -> 1 dona | E20: ='Korpus hisob'!D90 -> 1412000 | F20: ='Korpus hisob'!D91 -> 1412000 | G20: =IF(AND(p_m_korpus="Ha",F20>0),1,0) -> 0 | H20: =IF(G20=1,COUNTIF(G$4:G20,1),"")
A21: Korpus mebel | B21: =IF('Korpus hisob'!E6="","Korpus mebel",'Korpus hisob'!E6) -> Garderob | C21: ='Korpus mebel'!E38 -> 300×50×250 sm, eshiksiz, laminat — Namuna: kiyim xonasi | D21: ='Korpus hisob'!E7&" dona" -> 1 dona | E21: ='Korpus hisob'!E90 -> 1875000 | F21: ='Korpus hisob'!E91 -> 1875000 | G21: =IF(AND(p_m_korpus="Ha",F21>0),1,0) -> 0 | H21: =IF(G21=1,COUNTIF(G$4:G21,1),"")
A22: Korpus mebel | B22: =IF('Korpus hisob'!F6="","Korpus mebel",'Korpus hisob'!F6) -> Korpus mebel | C22: ='Korpus mebel'!F38 | D22: ='Korpus hisob'!F7&" dona" -> 0 dona | E22: ='Korpus hisob'!F90 -> 0 | F22: ='Korpus hisob'!F91 -> 0 | G22: =IF(AND(p_m_korpus="Ha",F22>0),1,0) -> 0 | H22: =IF(G22=1,COUNTIF(G$4:G22,1),"")
A23: Korpus mebel | B23: =IF('Korpus hisob'!G6="","Korpus mebel",'Korpus hisob'!G6) -> Korpus mebel | C23: ='Korpus mebel'!G38 | D23: ='Korpus hisob'!G7&" dona" -> 0 dona | E23: ='Korpus hisob'!G90 -> 0 | F23: ='Korpus hisob'!G91 -> 0 | G23: =IF(AND(p_m_korpus="Ha",F23>0),1,0) -> 0 | H23: =IF(G23=1,COUNTIF(G$4:G23,1),"")
A24: Korpus mebel | B24: =IF('Korpus hisob'!H6="","Korpus mebel",'Korpus hisob'!H6) -> Korpus mebel | C24: ='Korpus mebel'!H38 | D24: ='Korpus hisob'!H7&" dona" -> 0 dona | E24: ='Korpus hisob'!H90 -> 0 | F24: ='Korpus hisob'!H91 -> 0 | G24: =IF(AND(p_m_korpus="Ha",F24>0),1,0) -> 0 | H24: =IF(G24=1,COUNTIF(G$4:G24,1),"")
F25: Qatorlar soni: | G25: =SUM(G4:G24) -> 9

Sheet Sozlamalar
A1: Sozlamalar — kurs, ustama, usta haqi, matras narxlari va texnik parametrlar
A2: Ko'k raqamlar o'zgartiriladi. Sariq — taxmin yoki rahbar to'ldiradigan qiymat. Yashil — Paneldan keladi (u yerda o'zgartiring). O'lchamlar mm da.
A4: Guruh | B4: Parametr | C4: Qiymat | D4: Birlik | E4: Formuladagi nomi | F4: Izoh
A6: 1. Valyuta kursi, Baraka Mebel ustamasi va narx yaxlitlash
A7: Kurs | B7: Narxlar olingan kundagi kurs (1 $ = so'm) | C7: 11963 | D7: so'm | E7: kurs_baza | F7: Narxlarni yangilasangiz, shu kunning kursini yozing. 15.10.2026 MB kursi
A8: Kurs | B8: Joriy kurs (1 $ = so'm) | C8: 11963 | D8: so'm | E8: kurs_joriy | F8: Kurs o'zgarsa faqat shuni yangilang — kursga bog'liq narxlar o'zi qayta hisoblanadi
A9: Ustama | B9: Baraka ustamasi — Spalniy garnitur (tan narx ustiga) | C9: 0 | D9: % | E9: savdo_ustama | F9: RAHBAR BELGILAYDI. Sotuv narxi (naqd) = tan narx × (1 + ustama)
A10: Ustama | B10: Baraka ustamasi — Oshxona mebeli | C10: 0 | D10: % | E10: ustama_oshxona | F10: RAHBAR BELGILAYDI. 7-bo'limdagi "1 m narxi turi" Tan narx bo'lsa qo'shiladi
A11: Ustama | B11: Baraka ustamasi — Korpus mebel (shkaf, prixojka, garderob) | C11: 0 | D11: % | E11: ustama_korpus | F11: RAHBAR BELGILAYDI
A12: Yaxlitlash | B12: Sotuv narxi va oylik to'lovni yuqoriga yaxlitlash qadami | C12: 1000 | D12: so'm | E12: yaxlit | F12: 1000 = mingtagacha yaxlitlanadi; 1 = yaxlitlamaslik
A13: Kompaniya | B13: Kompaniya nomi (mijoz varag'ida) | C13: BARAKA MEBEL | E13: kompaniya_nomi | F13: Mijoz uchun varag'ining sarlavhasi
A14: Kompaniya | B14: Manzil / telefon (mijoz varag'ida) | E14: kompaniya_kontakt | F14: Masalan: Qo'qon sh., ... | +998 ...
A16: 2. Usta haqi
A17: Usta | B17: Tanlangan usta kelishuv foizi (Panelda tanlanadi, Ustalar varag'idan olinadi) | C17: =IFERROR(INDEX(Ustalar!$F$6:$F$55,MATCH(p_usta,Ustalar!$B$6:$B$55,0)),0) -> 0 | D17: % | E17: usta_foiz | F17: Spalniy garnitur: usta haqi = xom ashyo summasi × shu foiz
A18: Usta | B18: Korpus mebel ustasining kelishuv foizi (Korpus mebel varag'ida tanlanadi) | C18: =IFERROR(INDEX(Ustalar!$F$6:$F$105,MATCH(p_k_usta,Ustalar!$B$6:$B$105,0)),0) -> 0 | D18: % | E18: usta_foiz_k | F18: Korpus mebel: usta haqi = xom ashyo summasi × shu foiz
A20: 3. Matras narxlari (tayyor holda olinadi)
A21: Matras | B21: Matras 140x200 sm, 1 dona narxi | D21: so'm | E21: 140x200 | F21: Panelda tanlangan o'lcham shu yerdan olinadi
A22: Matras | B22: Matras 160x200 sm, 1 dona narxi | D22: so'm | E22: 160x200 | F22: Panelda tanlangan o'lcham shu yerdan olinadi
A23: Matras | B23: Matras 180x200 sm, 1 dona narxi | C23: 1200000 | D23: so'm | E23: 180x200 | F23: Panelda tanlangan o'lcham shu yerdan olinadi
A24: Matras | B24: Matras 200x200 sm, 1 dona narxi | D24: so'm | E24: 200x200 | F24: Panelda tanlangan o'lcham shu yerdan olinadi
A26: 4. Mahsulot o'lchamlari va texnik parametrlar
A27: Umumiy | B27: LDSP qalinligi | C27: 16 | D27: mm | E27: qal | F27: Siz bergan / standart
A28: Umumiy | B28: Fasadlar (eshik, yashik) orasidagi tirqish | C28: 3 | D28: mm | E28: tir | F28: Siz bergan / standart
A29: Umumiy | B29: Tsokol (pastki old planka) balandligi | C29: 80 | D29: mm | E29: tsokol | F29: Siz bergan / standart
A30: Umumiy | B30: Yashik qutisi korpusdan shuncha tor (napravlyayushiy uchun 2×13 mm) | C30: 26 | D30: mm | E30: zazor_nap | F30: Siz bergan / standart
A31: Umumiy | B31: Yashik qutisi balandligi fasaddan shuncha past | C31: 60 | D31: mm | E31: zazor_quti | F31: Siz bergan / standart
